folder_name1,folder_name2,folder_name3,folder_name4,folder_name5,title,publish_status,owner_account_name,owner_display_name,created_at,first_published_at,last_editor_account_name,last_editor_display_name,updated_at,access_count,views_within_a_year,views_within_6_months,views_within_3_months,views_within_a_month,views_within_a_week,url,good_job_count,comment_count,text,search_tags,approver,approved_at,archived,steps,videos
メンバー共通,,,,,2.応用編　モバイルアプリケーション,published,r.mk301-nyan,菅原香織,2018-05-31 07:09:38 UTC,2018-05-31 07:09:40 UTC,,,2018-05-31 07:09:40 UTC,18,1,0,0,0,0,https://teachme.jp/65292/manuals/3979692,0,0,スマートフォンのTeachme Biz専用アプリを使って、マニュアルを作成する場合はこちら。,"",,,false,19,0
メンバー共通,,,,,4.管理者 ファーストガイド - Teachme Biz,published,r.mk301-nyan,菅原香織,2018-05-31 07:09:41 UTC,2018-05-31 07:09:42 UTC,,,2018-05-31 07:09:42 UTC,13,0,0,0,0,0,https://teachme.jp/65292/manuals/3979712,0,0,Teachme Biz管理者向けのマニュアルです。グループID名の変更、フォルダ管理、ユーザー（メンバー、ゲスト）管理、権限管理の一通りの方法を説明します。,"",,,false,12,0
メンバー共通,,,,,3.応用編　デスクトップアプリケーション（編集専用）,published,r.mk301-nyan,菅原香織,2018-05-31 07:09:42 UTC,2018-05-31 07:09:43 UTC,,,2018-05-31 07:09:43 UTC,15,5,5,0,0,0,https://teachme.jp/65292/manuals/3979725,0,0,"WindowsパソコンではTeachme Biz専用アプリ（※マニュアル作成・編集専用で、閲覧はできません）を使って、マニュアルをより簡単に作成することができます。
デスクトップアプリを使ってみたい方はこちら。","",,,false,12,0
メンバー共通,,,,,【サンプル】いちごジャムの作り方,published,r.mk301-nyan,菅原香織,2018-05-31 07:09:43 UTC,2018-05-31 07:09:44 UTC,,,2018-05-31 07:09:44 UTC,35,1,0,0,0,0,https://teachme.jp/65292/manuals/3979738,0,0,"・紅ホッペ
・グラニュー糖 20%
・レモン汁       1.5%","",,,false,8,0
メンバー共通,,,,,【サンプル】ホテルルームチェック,published,r.mk301-nyan,菅原香織,2018-05-31 07:09:44 UTC,2018-05-31 07:09:46 UTC,,,2018-05-31 07:09:46 UTC,29,2,1,0,0,0,https://teachme.jp/65292/manuals/3979747,0,0,客室が、掃除が行き届いてお客様をお迎えできる状態になっているか確認するためのルームチェック方法です。,"",,,false,16,0
メンバー共通,,,,,1.基本編　webアプリケーション,published,r.mk301-nyan,菅原香織,2018-05-31 07:09:46 UTC,2018-05-31 07:09:48 UTC,,,2018-05-31 07:09:48 UTC,20,1,0,0,0,0,https://teachme.jp/65292/manuals/3979764,0,0,"ブラウザ版のTeachme Bizの基本的な使い方をご説明します。はじめてご利用いただく方は、まずはこちらをご確認ください。
","",,,false,17,0
メンバー共通,,,,,【サンプル】クレジットカード端末の使い方,published,r.mk301-nyan,菅原香織,2018-05-31 07:09:48 UTC,2018-05-31 07:09:49 UTC,,,2018-05-31 07:09:49 UTC,51,1,0,0,0,0,https://teachme.jp/65292/manuals/3979782,0,0,"","",,,false,10,0
メンバー共通,,,,,【サンプル】パノラマ撮影,published,r.mk301-nyan,菅原香織,2018-05-31 07:09:49 UTC,2018-05-31 07:09:51 UTC,,,2018-05-31 07:09:51 UTC,19,2,2,1,0,0,https://teachme.jp/65292/manuals/3979793,0,0,"","",,,false,23,0
メンバー共通,,,,,【サンプル】2017年度版_年末調整等の提出,published,r.mk301-nyan,菅原香織,2018-05-31 07:09:52 UTC,2018-05-31 07:09:54 UTC,,,2018-05-31 07:09:54 UTC,20,4,3,0,0,0,https://teachme.jp/65292/manuals/3979819,0,0,"皆さん大好きな年末調整の仕方です。期限を守って提出しましょう。
分からないことがある場合は総務に気軽にお尋ねください！",年末調整,,,false,30,0
メンバー共通,,,,,【サンプル】マイクロメーターの使い方,published,r.mk301-nyan,菅原香織,2018-05-31 07:09:55 UTC,2018-05-31 07:09:56 UTC,,,2018-05-31 07:09:56 UTC,13,1,1,0,0,0,https://teachme.jp/65292/manuals/3979852,0,0,デジタル式マイクロメーターの使い方です。（非常に高精度に測定できるので使用環境温度にも注意が必要です。マイクロメーター自体の管理基準温度は20‐25度です。）,"",,,false,10,0
07.調理ルーキーズ,,,,,シャリ弁ロボのライス盛,published,r.mk301-nyan,菅原香織,2018-06-10 04:58:06 UTC,2018-06-10 05:23:01 UTC,,,2018-06-10 05:23:01 UTC,1020,144,63,28,7,1,https://teachme.jp/65292/manuals/4045853,12,9,シャリ弁ロボを使ったライス盛のポイントです！,"",,,false,9,6
06.サイドメニュー作成,,,,,生ビール！旨い！,published,r.mk301-nyan,菅原香織,2018-06-12 06:33:56 UTC,2018-06-12 06:46:20 UTC,,,2018-06-12 06:46:20 UTC,553,69,31,16,7,1,https://teachme.jp/65292/manuals/4059962,3,1,"生ビールの作り方です。
ビールを愛する者は細部にまで拘るのである。生ビールを作る際には、そんな生ビーラーの心を深く感じながら作らなくてはならない！","",,,false,7,1
16.厨房機器全般（フライヤー・洗浄機・シャリ弁ロボ）,,,,,洗浄機の締め方,published,r.mk301-nyan,菅原香織,2018-06-13 01:44:45 UTC,2018-06-14 17:05:03 UTC,,,2018-06-14 17:05:03 UTC,237,21,17,6,4,1,https://teachme.jp/65292/manuals/4063966,2,1,"","",,,false,6,6
16.厨房機器全般（フライヤー・洗浄機・シャリ弁ロボ）,,,,,シャリベンロボの締め方,published,r.mk301-nyan,菅原香織,2018-06-08 03:38:36 UTC,2018-06-14 17:09:22 UTC,,,2018-06-14 17:19:35 UTC,291,13,11,2,2,2,https://teachme.jp/65292/manuals/4039883,3,7,"","",,,false,6,6
16.厨房機器全般（フライヤー・洗浄機・シャリ弁ロボ）,,,,,フライヤーの締め方,published,r.mk301-nyan,菅原香織,2018-06-08 03:45:31 UTC,2018-06-14 17:18:05 UTC,,,2018-06-14 17:19:58 UTC,238,25,19,6,4,1,https://teachme.jp/65292/manuals/4040123,2,1,"","",,,false,3,3
04.接客・フロア作業　初級,,,,,みんなが最初にやる基本のセットです！！！,published,r.mk301-nyan,菅原香織,2018-06-14 07:57:19 UTC,2018-06-14 18:19:03 UTC,,,2018-06-14 21:41:00 UTC,2013,142,73,32,11,2,https://teachme.jp/65292/manuals/4076913,5,17,"お客様にとってセットは最初の接客です！
最高の笑顔と元気でいらっしゃいませの気持ちをお伝えしましょう！","",,,false,10,0
20.開店準備全般,,,,,開錠と施錠,published,r.mk301-nyan,菅原香織,2018-06-15 08:05:35 UTC,2018-06-15 11:53:25 UTC,,,2018-06-15 11:53:25 UTC,378,34,18,6,2,0,https://teachme.jp/65292/manuals/4086587,5,0,"ALSOK警備の場合
","",,,false,7,0
共同編集者設定,,,,,共同編集設定！,published,r.mk301-nyan,菅原香織,2018-06-16 03:28:38 UTC,2018-06-16 03:28:42 UTC,,,2018-06-16 03:28:42 UTC,28,0,0,0,0,0,https://teachme.jp/65292/manuals/4088620,0,0,こちらを各自で行うことにより、他者も編集が出来るようになって、よりサクサク仕事が進みます！,"",,,false,4,0
12.店長・代行,,,,,DVD-RAMのフォーマット方法,published,r.mk301-nyan,菅原香織,2018-06-29 08:13:35 UTC,2018-06-29 08:51:14 UTC,,,2018-06-29 08:51:14 UTC,231,2,1,0,0,0,https://teachme.jp/65292/manuals/4172473,6,1,ジャーナルバックアップ用のDVD-RAMの準備の仕方！,"",,,false,8,0
07.調理ルーキーズ,,,,,揚げ物の説明,published,r.mk301-nyan,菅原香織,2018-06-27 09:01:57 UTC,2018-06-29 05:20:44 UTC,,,2018-07-01 03:05:28 UTC,1079,105,31,16,2,0,https://teachme.jp/65292/manuals/4157125,13,9,揚げ物の種類と調理ワンポイントを説明します！お店毎に仕舞い方が違うので、これを見ながら実際の場所などを確認しましょう！,"",,,false,31,0
14.らーめん,,,,,カレー肉そば,published,r.mk301-nyan,菅原香織,2018-07-18 08:33:01 UTC,2018-07-18 08:34:32 UTC,,,2018-07-18 08:34:32 UTC,184,2,1,0,0,0,https://teachme.jp/65292/manuals/4283756,1,0,"","",,,false,4,0
19.フロアチェック,,,,,とび辛補充(カスターセット),published,r.mk301-nyan,菅原香織,2018-07-19 14:04:14 UTC,2018-07-19 14:03:55 UTC,,,2018-07-20 02:44:04 UTC,444,25,16,6,2,0,https://teachme.jp/65292/manuals/4293646,7,6,卓上にある「とび辛スパイス」の補充の仕方を説明。,"",,,false,2,0
07.調理ルーキーズ,,,,,調理中の発声注意点,published,r.mk301-nyan,菅原香織,2018-08-16 04:47:59 UTC,2018-08-16 05:38:56 UTC,,,2018-08-16 05:38:56 UTC,633,75,23,9,4,1,https://teachme.jp/65292/manuals/4436421,12,10,"調理中は、特に発声の姿勢に気を付けなければならない。

厨房内からも必ずお客様の方を向き、声をかけるように発声する。
作業に集中するあまり、背面のままや、商品に向かって発声しないように注意する。",,,,false,4,4
08.調理初級,,,,,コツ１・最短でのルーのかけ方,published,r.mk301-nyan,菅原香織,2018-08-16 05:39:56 UTC,2018-08-16 06:03:39 UTC,,,2018-08-16 06:03:39 UTC,1145,88,41,19,5,4,https://teachme.jp/65292/manuals/4437196,21,11,ルーをかける時のお玉の使い方（動線）についてのコツ,,,,false,2,2
08.調理初級,,,,,コツ2・ルーがけ時の姿勢,published,r.mk301-nyan,菅原香織,2018-08-16 06:07:51 UTC,2018-08-16 06:37:13 UTC,,,2018-08-16 06:37:13 UTC,1187,119,61,35,5,2,https://teachme.jp/65292/manuals/4437531,18,10,ルーをかける時の正しい姿勢について,,,,false,7,3
08.調理初級,,,,,コツ３・最小限のルー回数で完成させる！,published,r.mk301-nyan,菅原香織,2018-08-16 09:17:56 UTC,2018-08-16 09:46:41 UTC,,,2018-08-16 09:46:41 UTC,863,77,28,11,5,4,https://teachme.jp/65292/manuals/4440547,17,10,"ルーがけアクションを、最小限で終わらせるためのコツ。
",,,,false,2,1
08.調理初級,,,,,コツ4・伝票を見ながらルーをかける。,published,r.mk301-nyan,菅原香織,2018-08-16 09:48:19 UTC,2018-08-16 09:56:34 UTC,,,2018-08-16 09:56:34 UTC,845,74,33,14,6,2,https://teachme.jp/65292/manuals/4440745,15,9,伝票を見ながら、並行してルーをかける。,,,,false,2,1
08.調理初級,,,,,コツ5・鍋の使い方,published,r.mk301-nyan,菅原香織,2018-08-16 04:30:24 UTC,2018-08-16 04:44:14 UTC,,,2018-08-16 09:59:31 UTC,760,80,35,18,15,4,https://teachme.jp/65292/manuals/4436266,12,9,ルーに火入れをする上での、効果的（時間）な鍋とコンロの使い方について説明します。,,,,false,2,1
08.調理初級,,,,,コツ6・マリーからの水トレ,published,r.mk301-nyan,菅原香織,2018-08-16 10:18:51 UTC,2018-08-16 21:17:44 UTC,,,2018-08-16 21:17:44 UTC,654,52,21,10,3,2,https://teachme.jp/65292/manuals/4440885,10,9,マリーポットから手鍋に水をすくい上げる訓練,,,,false,2,1
08.調理初級,,,,,コツ7・水トレーニング（水トレ）の方法,published,r.mk301-nyan,菅原香織,2018-08-16 09:59:22 UTC,2018-08-16 10:17:53 UTC,,,2018-08-16 21:18:40 UTC,759,71,29,12,3,3,https://teachme.jp/65292/manuals/4440829,12,10,ルーがけの技術力（正確性・スピード）を高める為の有効な練習方法について,,,,false,4,1
08.調理初級,,,,,コツ8・10辛の作り方,published,r.mk301-nyan,菅原香織,2018-08-16 21:44:02 UTC,2018-08-16 22:02:53 UTC,,,2018-08-16 22:02:44 UTC,830,51,16,4,0,0,https://teachme.jp/65292/manuals/4441351,13,9,"",,,,false,6,3
04.接客・フロア作業　初級,,,,,下げの仕方（カウンター編）,published,r.mk301-nyan,菅原香織,2018-06-27 19:50:07 UTC,2018-08-26 08:56:01 UTC,,,2018-08-26 09:43:15 UTC,1148,105,48,23,7,2,https://teachme.jp/65292/manuals/4158288,4,10,カウンターの片づけ方のコツ！,"",,,false,6,1
04.接客・フロア作業　初級,,,,,下げの仕方（テーブル編）,published,r.mk301-nyan,菅原香織,2018-08-26 07:46:25 UTC,2018-08-26 08:11:54 UTC,,,2018-08-26 09:43:54 UTC,1245,113,51,24,7,2,https://teachme.jp/65292/manuals/4490179,6,9,下げ：お客様がお帰りになった後のテーブルの方付けの事。,,,,false,6,1
04.接客・フロア作業　初級,,,,,レジ対応,published,r.mk301-nyan,菅原香織,2018-10-06 09:43:14 UTC,2018-10-06 14:05:34 UTC,,,2018-10-09 09:02:22 UTC,1581,162,79,30,8,2,https://teachme.jp/65292/manuals/4725517,8,7,レジでのお客様対応です,"",,,false,7,2
04.接客・フロア作業　初級,,,,,サラダの提供　ロゴの向き,published,r.mk301-nyan,菅原香織,2018-10-17 13:48:37 UTC,2018-10-17 14:29:46 UTC,,,2018-10-17 14:29:46 UTC,1295,126,59,24,6,1,https://teachme.jp/65292/manuals/4778857,10,12,サラダの提供時、ロゴの向きに注意して提供しなくてはいけません！,"",,,false,4,1
04.接客・フロア作業　初級,,,,,セット時、メニューブックのご案内,published,r.mk301-nyan,菅原香織,2018-10-18 10:27:01 UTC,2018-10-18 12:26:36 UTC,,,2018-10-18 12:26:36 UTC,1289,83,40,18,6,2,https://teachme.jp/65292/manuals/4786137,8,12,セットに行ったときに、お客様の様子をよく観察することが大切です。お客様に言われる前に、こちらから気づいて行動していきましょう,"",,,false,3,3
04.接客・フロア作業　初級,,,,,お客様とすれ違う時,published,r.mk301-nyan,菅原香織,2018-11-10 07:20:54 UTC,2018-11-12 07:54:18 UTC,,,2018-11-13 08:38:13 UTC,1360,147,71,32,9,1,https://teachme.jp/65292/manuals/4918725,10,5,店内でお客様とすれ違う時、どのようにしていますか？,"",,,false,3,3
07.調理ルーキーズ,,,,,ライスの炊き方,published,r.mk301-nyan,菅原香織,2019-01-09 05:44:45 UTC,2019-01-09 05:55:23 UTC,,,2019-01-09 05:55:23 UTC,522,64,28,11,4,1,https://teachme.jp/65292/manuals/5243025,7,9,"","",,,false,2,2
07.調理ルーキーズ,,,,,ライスの上げ方,published,r.mk301-nyan,菅原香織,2019-01-09 05:21:23 UTC,2019-01-09 05:56:40 UTC,,,2019-01-09 05:56:40 UTC,601,76,34,15,6,1,https://teachme.jp/65292/manuals/5242867,8,8,"","",,,false,2,1
07.調理ルーキーズ,,,,,ポークソースの仕込み方,published,r.mk301-nyan,菅原香織,2019-01-08 08:18:09 UTC,2019-01-09 05:58:16 UTC,,,2019-01-09 05:58:16 UTC,710,69,32,9,2,0,https://teachme.jp/65292/manuals/5238579,7,7,"","",,,false,9,3
23.機器の管理と清掃方法,,,,,業務用冷蔵庫、コールドテーブルの設定温度,edit,r.mk301-nyan,菅原香織,2019-12-03 02:56:54 UTC,,,,2019-12-03 02:56:55 UTC,0,0,0,0,0,0,https://teachme.jp/65292/manuals/7387895,0,0,"","",,,false,0,0
23.機器の管理と清掃方法,,,,,コンロについて,edit,r.mk301-nyan,菅原香織,2019-12-03 03:17:16 UTC,,,,2019-12-03 03:17:14 UTC,0,0,0,0,0,0,https://teachme.jp/65292/manuals/7388173,0,0,"","",,,false,0,0
23.機器の管理と清掃方法,,,,,業務用冷蔵庫、コールドテーブルの設定温度,published,r.mk301-nyan,菅原香織,2019-12-03 04:46:38 UTC,2019-12-05 05:22:29 UTC,,,2019-12-05 10:34:07 UTC,95,8,6,0,0,0,https://teachme.jp/65292/manuals/7388765,0,5,"","",,,false,4,0
23.機器の管理と清掃方法,,,,,コンロについて,published,r.mk301-nyan,菅原香織,2019-12-03 04:59:12 UTC,2019-12-05 05:21:34 UTC,,,2019-12-05 10:34:29 UTC,108,3,0,0,0,0,https://teachme.jp/65292/manuals/7388904,1,6,"","",,,false,4,1
23.機器の管理と清掃方法,,,,,炊飯窯について,published,r.mk301-nyan,菅原香織,2019-12-03 05:38:13 UTC,2019-12-05 05:20:07 UTC,,,2019-12-05 10:34:36 UTC,130,7,2,1,1,0,https://teachme.jp/65292/manuals/7389349,0,7,"","",,,false,5,0
23.機器の管理と清掃方法,,,,,マルチコンロ,published,r.mk301-nyan,菅原香織,2019-12-03 07:58:43 UTC,2019-12-05 05:17:12 UTC,,,2019-12-05 10:34:43 UTC,159,6,4,1,1,0,https://teachme.jp/65292/manuals/7391670,2,6,"","",,,false,5,4
11.サイバー使用・設定（店長用）,,,,,新サイバー　勤怠修正,published,r.mk301-nyan,菅原香織,2019-12-24 07:58:05 UTC,2019-12-25 02:27:30 UTC,,,2020-03-04 01:14:09 UTC,116,2,1,0,0,0,https://teachme.jp/65292/manuals/7534413,1,0,"新サイバーの勤怠修正のやり方です

基本的には、しっかり出勤退勤の際に、
タイムカードを押すようにしてください。
どうしても、修正が必要なときだけ修正お願いします","",,,false,2,1
09.楽々精算,,,,,ＰＣでの操作②追加登録,edit,r.mk301-nyan,菅原香織,2020-03-10 07:13:05 UTC,2020-03-11 06:19:05 UTC,,,2020-03-11 06:19:08 UTC,43,0,0,0,0,0,https://teachme.jp/65292/manuals/8082173,4,0,"領収書を追加入力していく際には、
一時保存しておいたデータに追加をしていきます","",,,false,3,0
09.楽々精算,,,,,ＰＣでの操作④申請,edit,r.mk301-nyan,菅原香織,2020-03-11 02:27:48 UTC,2020-03-11 06:20:09 UTC,,,2020-03-11 06:20:08 UTC,46,0,0,0,0,0,https://teachme.jp/65292/manuals/8087931,5,0,"10日、20日、月末のタイミングで一時保存しておいたデータを申請します

※申請日は、土日にかかる時は前後の金曜、もしくは月曜も可","",,,false,5,0
11.サイバー使用・設定（店長用）,,,,,新サイバー従業員登録～雇用契約書～,published,r.mk301-nyan,菅原香織,2020-03-02 04:27:46 UTC,2020-03-03 02:39:18 UTC,,,2020-03-18 06:18:30 UTC,472,6,3,2,0,0,https://teachme.jp/65292/manuals/8009559,3,0,"雇用契約書の登録注意点

※店舗で入力してもらったデータが元になるので、間違いのないように入力してください。

不明な点はそのままにせず、事務所まで問い合わせをお願いします。

雇用契約書は、打ち合わせ時に本人と責任者が一緒に入力すること

責任者は保険証や免許証、通帳などを見ながら入力が間違えていないかよく確認すること

新サイバー→設定→従業員登録

","",,,false,12,0
04.接客・フロア作業　初級,,,,,提供コール,published,r.mk301-nyan,菅原香織,2020-03-26 04:40:24 UTC,2020-03-31 06:45:34 UTC,,,2020-03-31 06:45:34 UTC,1053,131,66,30,8,1,https://teachme.jp/65292/manuals/8214682,2,13,"","",,,false,3,1
04.接客・フロア作業　初級,,,,,呼び出しベルが鳴ったときの発声,published,r.mk301-nyan,菅原香織,2020-03-31 05:54:50 UTC,2020-03-31 06:48:14 UTC,,,2020-03-31 06:48:14 UTC,715,94,41,16,6,2,https://teachme.jp/65292/manuals/8256283,1,3,"","",,,false,2,2
04.接客・フロア作業　初級,,,,,商品提供時の発声,published,r.mk301-nyan,菅原香織,2020-03-31 05:59:40 UTC,2020-03-31 06:48:57 UTC,,,2020-03-31 06:48:57 UTC,940,126,58,25,8,2,https://teachme.jp/65292/manuals/8256351,2,12,"","",,,false,2,2
04.接客・フロア作業　初級,,,,,オーダー通し,published,r.mk301-nyan,菅原香織,2020-03-31 06:21:17 UTC,2020-03-31 06:50:41 UTC,,,2020-03-31 06:50:41 UTC,1227,160,87,39,13,5,https://teachme.jp/65292/manuals/8256943,2,4,"","",,,false,5,5
13.洗い場,,,,,氷の入ったグラスの扱い方,published,r.mk301-nyan,菅原香織,2020-02-18 06:51:55 UTC,2020-02-21 06:06:18 UTC,,,2020-03-31 06:55:09 UTC,443,49,20,9,5,1,https://teachme.jp/65292/manuals/7914721,3,5,"","",,,false,2,2
04.接客・フロア作業　初級,,,,,お客様がお帰りになる時の発声,published,r.mk301-nyan,菅原香織,2020-03-31 06:16:53 UTC,2020-03-31 06:49:50 UTC,,,2020-03-31 09:30:16 UTC,951,156,70,30,10,2,https://teachme.jp/65292/manuals/8256744,3,4,"","",,,false,1,1
05.接客・フロア作業　上級,,,,,お子様のご飯の量と辛さ,published,r.mk301-nyan,菅原香織,2020-04-13 05:31:33 UTC,2020-04-13 07:10:57 UTC,,,2020-04-13 08:19:00 UTC,469,54,17,11,2,0,https://teachme.jp/65292/manuals/8359198,1,3,"","",,,false,1,1
05.接客・フロア作業　上級,,,,,お子様へのセット,published,r.mk301-nyan,菅原香織,2020-04-13 05:13:33 UTC,2020-04-13 07:03:01 UTC,,,2020-04-13 08:19:06 UTC,440,47,20,9,3,0,https://teachme.jp/65292/manuals/8358762,2,3,"","",,,false,3,3
04.接客・フロア作業　初級,,,,,ポットの作り方,published,r.mk301-nyan,菅原香織,2020-04-13 06:20:38 UTC,2020-04-13 07:11:28 UTC,,,2020-04-13 08:20:09 UTC,582,83,36,15,6,2,https://teachme.jp/65292/manuals/8360111,1,3,"","",,,false,1,1
04.接客・フロア作業　初級,,,,,フライドポテトの提供,published,r.mk301-nyan,菅原香織,2020-04-09 04:53:36 UTC,2020-04-13 06:48:54 UTC,,,2020-04-13 08:22:25 UTC,698,96,49,18,6,2,https://teachme.jp/65292/manuals/8332408,2,3,"","",,,false,1,1
04.接客・フロア作業　初級,,,,,平置きメニューがあるときのセット、カレーの提供,published,r.mk301-nyan,菅原香織,2020-04-03 08:51:12 UTC,2020-04-13 06:40:06 UTC,,,2020-04-13 08:22:40 UTC,805,81,40,20,6,1,https://teachme.jp/65292/manuals/8291773,3,13,テーブルの上に、平置きメニューが置いてあるとき、セットやカレーの提供はどうしたらよいか,"",,,false,6,5
04.接客・フロア作業　初級,,,,,中間下げ,published,r.mk301-nyan,菅原香織,2020-04-13 06:45:37 UTC,2020-04-13 06:45:48 UTC,,,2020-04-13 08:23:22 UTC,965,125,51,24,9,2,https://teachme.jp/65292/manuals/8360650,3,11,スマートな中間下げや、ついでの中間下げ,"",,,false,3,3
05.接客・フロア作業　上級,,,,,怪我をしているお客様への対応,published,r.mk301-nyan,菅原香織,2020-04-10 02:40:50 UTC,2020-04-13 06:53:12 UTC,,,2020-04-13 08:24:19 UTC,334,41,13,9,3,0,https://teachme.jp/65292/manuals/8340960,2,4,"","",,,false,1,1
05.接客・フロア作業　上級,,,,,シルバーを落としてしまったお客様の対応,published,r.mk301-nyan,菅原香織,2020-04-10 02:04:45 UTC,2020-04-13 06:52:33 UTC,,,2020-04-13 08:25:44 UTC,379,43,20,11,6,0,https://teachme.jp/65292/manuals/8340156,2,1,"","",,,false,1,1
05.接客・フロア作業　上級,,,,,ポットの交換,published,r.mk301-nyan,菅原香織,2020-04-09 06:01:53 UTC,2020-04-13 06:51:36 UTC,,,2020-04-13 08:26:29 UTC,350,51,23,14,5,0,https://teachme.jp/65292/manuals/8333707,2,3,ポットは中が見えないので、氷の音やポットの角度を観察して、ポットの中の水の量を把握しましょう,"",,,false,5,1
05.接客・フロア作業　上級,,,,,お薬を飲むお客様への対応,published,r.mk301-nyan,菅原香織,2020-04-09 05:24:37 UTC,2020-04-13 06:50:25 UTC,,,2020-04-13 08:27:00 UTC,344,33,13,6,4,0,https://teachme.jp/65292/manuals/8333013,3,3,"","",,,false,1,1
11.サイバー使用・設定（店長用）,,,,,ヘルプ交通費登録②～同じ日に自店と他店勤務の場合～,published,r.mk301-nyan,菅原香織,2020-04-22 02:33:57 UTC,2020-04-22 02:34:47 UTC,,,2020-04-22 02:34:47 UTC,35,1,0,0,0,0,https://teachme.jp/65292/manuals/8443209,0,0,各自が登録し、店長さんがチェックをお願いします,"",,,false,1,1
11.サイバー使用・設定（店長用）,,,,,ヘルプ交通費の登録①～他店ヘルプのみの場合～,published,r.mk301-nyan,菅原香織,2020-04-22 02:35:25 UTC,2020-04-22 02:35:54 UTC,,,2020-04-22 02:35:54 UTC,52,1,1,0,0,0,https://teachme.jp/65292/manuals/8443255,0,0,"ヘルプ交通費は
本人が入力し、店長さんがチェックをしてください","",,,false,1,1
10.サイバー使用（Ｐ/Ａさん用）,,,,,11.ヘルプ交通費登録②～同じ日に自店と他店勤務の場合～,published,r.mk301-nyan,菅原香織,2020-02-13 06:54:06 UTC,2020-02-18 07:56:22 UTC,,,2020-04-22 02:48:18 UTC,112,0,0,0,0,0,https://teachme.jp/65292/manuals/7877234,1,0,各自が登録し、店長さんがチェックをお願いします,"",,,false,1,1
10.サイバー使用（Ｐ/Ａさん用）,,,,,10.ヘルプ交通費の登録①～他店ヘルプのみの場合～,published,r.mk301-nyan,菅原香織,2020-02-12 02:29:49 UTC,2020-02-13 06:45:02 UTC,,,2020-04-22 02:48:27 UTC,226,3,3,1,0,0,https://teachme.jp/65292/manuals/7861553,3,0,"ヘルプ交通費は
本人が入力し、店長さんがチェックをしてください","",,,false,1,1
10.サイバー使用（Ｐ/Ａさん用）,,,,,09.ＰＣでのシフト申請,published,r.mk301-nyan,菅原香織,2019-06-03 04:15:08 UTC,2019-06-10 07:12:37 UTC,,,2020-04-22 02:48:35 UTC,160,1,1,1,0,0,https://teachme.jp/65292/manuals/6159015,3,0,新サイバーでのシフト申請のやり方,"",,,false,8,1
10.サイバー使用（Ｐ/Ａさん用）,,,,,08.ＰＣでの日報の入力,published,r.mk301-nyan,菅原香織,2019-06-06 01:09:11 UTC,2019-06-10 07:13:56 UTC,,,2020-04-22 02:48:43 UTC,119,1,1,0,0,0,https://teachme.jp/65292/manuals/6184849,2,5,"","",,,false,10,2
10.サイバー使用（Ｐ/Ａさん用）,,,,,07.PCでの日報の確認,published,r.mk301-nyan,菅原香織,2019-06-05 02:04:30 UTC,2019-06-10 07:13:05 UTC,,,2020-04-22 02:48:50 UTC,126,1,0,0,0,0,https://teachme.jp/65292/manuals/6176147,2,4,新サイバーの日報の確認,"",,,false,3,1
10.サイバー使用（Ｐ/Ａさん用）,,,,,06.サイバーアプリ　シフト申請の仕方,published,r.mk301-nyan,菅原香織,2019-12-17 05:37:17 UTC,2019-12-17 08:49:38 UTC,,,2020-04-22 02:48:58 UTC,134,6,2,1,1,0,https://teachme.jp/65292/manuals/7484150,2,0,"","",,,false,1,1
10.サイバー使用（Ｐ/Ａさん用）,,,,,05.サイバーアプリ　業務連絡・巡回レポートの確認,published,r.mk301-nyan,菅原香織,2019-12-17 06:07:30 UTC,2019-12-17 08:48:35 UTC,,,2020-04-22 02:49:06 UTC,88,9,3,1,1,0,https://teachme.jp/65292/manuals/7484520,1,7,"","",,,false,1,1
10.サイバー使用（Ｐ/Ａさん用）,,,,,04.サイバーアプリ　日報編集の仕方,published,r.mk301-nyan,菅原香織,2019-12-17 03:13:32 UTC,2019-12-17 08:46:40 UTC,,,2020-04-22 02:49:15 UTC,92,7,2,0,0,0,https://teachme.jp/65292/manuals/7481860,2,5,"","",,,false,1,1
10.サイバー使用（Ｐ/Ａさん用）,,,,,03.サイバーアプリ　日報に画像添付の仕方,published,r.mk301-nyan,菅原香織,2019-12-17 09:45:15 UTC,2019-12-17 10:20:28 UTC,,,2020-04-22 02:49:28 UTC,161,7,3,0,0,0,https://teachme.jp/65292/manuals/7487226,3,5,"","",,,false,1,1
10.サイバー使用（Ｐ/Ａさん用）,,,,,02.サイバーアプリ　日報の書き方,published,r.mk301-nyan,菅原香織,2019-12-17 03:47:55 UTC,2019-12-17 08:44:53 UTC,,,2020-04-22 02:49:49 UTC,151,13,6,1,0,0,https://teachme.jp/65292/manuals/7482187,2,7,"","",,,false,1,1
10.サイバー使用（Ｐ/Ａさん用）,,,,,01.サイバーアプリ　日報の確認の仕方,published,r.mk301-nyan,菅原香織,2019-12-17 06:52:55 UTC,2019-12-17 08:47:47 UTC,,,2020-04-22 02:49:56 UTC,145,15,9,3,2,0,https://teachme.jp/65292/manuals/7485085,2,6,"","",,,false,1,1
11.サイバー使用・設定（店長用）,,,,,年度計画の入力,published,r.mk301-nyan,菅原香織,2020-04-20 02:25:08 UTC,2020-04-21 05:55:06 UTC,,,2020-04-22 04:09:18 UTC,36,0,0,0,0,0,https://teachme.jp/65292/manuals/8420752,1,0,年度計画の入力をしてください,"",,,false,3,0
11.サイバー使用・設定（店長用）,,,,,店舗別売上,published,r.mk301-nyan,菅原香織,2020-04-22 05:19:50 UTC,2020-04-22 05:29:57 UTC,,,2020-04-22 05:29:57 UTC,33,3,0,0,0,0,https://teachme.jp/65292/manuals/8445879,0,0,数字を日々確認していきましょう,"",,,false,1,0
11.サイバー使用・設定（店長用）,,,,,日別データ,published,r.mk301-nyan,菅原香織,2020-04-22 04:25:06 UTC,2020-04-22 05:29:47 UTC,,,2020-04-22 06:43:09 UTC,54,1,0,0,0,0,https://teachme.jp/65292/manuals/8444828,0,0,日々の売上などを入力,"",,,false,5,0
11.サイバー使用・設定（店長用）,,,,,売上予算と人件費率　シフト画面オレンジ枠の中の数字について　,published,r.mk301-nyan,菅原香織,2020-04-20 03:43:12 UTC,2020-04-21 05:55:38 UTC,,,2020-04-22 07:06:46 UTC,67,5,3,0,0,0,https://teachme.jp/65292/manuals/8422270,0,0,"シフト→シフト編集画面

売上予算に対して、実際に組んだシフトの人件費で計算された
人件費率が表示される","",,,false,8,0
10.サイバー使用（Ｐ/Ａさん用）,,,,,00.サイバーマネージャのダウンロード,published,r.mk301-nyan,菅原香織,2020-04-28 01:28:24 UTC,2020-04-28 02:05:02 UTC,,,2020-04-28 02:05:02 UTC,225,24,16,6,4,0,https://teachme.jp/65292/manuals/8496301,0,0,"スマホで
http://link-c.tokyo/app_dl/
のサイトを開く","",,,false,5,0
09.楽々精算,,,,,05.ＰＣでの操作　差戻し,published,r.mk301-nyan,菅原香織,2020-03-11 03:09:26 UTC,2020-03-11 06:20:29 UTC,,,2020-04-30 02:52:27 UTC,187,7,3,1,0,0,https://teachme.jp/65292/manuals/8088995,3,0,"","",,,false,6,0
09.楽々精算,,,,,04.ＰＣでの操作　税率の異なる領収書の登録の仕方,published,r.mk301-nyan,菅原香織,2020-03-11 02:09:35 UTC,2020-03-11 06:19:48 UTC,,,2020-04-30 02:55:08 UTC,139,6,1,0,0,0,https://teachme.jp/65292/manuals/8087715,2,0,"","",,,false,2,0
09.楽々精算,,,,,03.ＰＣでの操作　費目登録,published,r.mk301-nyan,菅原香織,2020-03-10 03:08:15 UTC,2020-03-11 06:18:17 UTC,,,2020-04-30 02:55:23 UTC,480,21,13,6,3,1,https://teachme.jp/65292/manuals/8077745,4,0,"タブレットで領収書撮影したものを
ＰＣ操作で費目登録し、その都度申請します


","",,,false,13,0
09.楽々精算,,,,,02. ＰＯＳ処理後の領収書を楽々精算アプリで登録する,published,r.mk301-nyan,菅原香織,2020-03-09 05:19:51 UTC,2020-03-09 08:30:20 UTC,,,2020-04-30 02:55:40 UTC,417,25,15,6,1,1,https://teachme.jp/65292/manuals/8069329,5,0,楽々精算アプリで領収書撮影・登録,"",,,false,8,0
09.楽々精算,,,,,01. 楽々精算の設定と流れ,published,r.mk301-nyan,菅原香織,2020-03-09 03:13:11 UTC,2020-03-09 07:22:00 UTC,,,2020-04-30 02:55:54 UTC,819,73,34,15,6,2,https://teachme.jp/65292/manuals/8067145,3,0,"楽々精算を使用する上で、
アプリのインストールと、ＰＣでログインの確認をしておきましょう

店舗での楽々精算の作業の流れです","",,,false,4,0
ルーキーズフォルダ,,,,,38.中間下げ,published,r.mk301-nyan,菅原香織,2020-05-20 04:34:56 UTC,2020-05-20 04:35:39 UTC,,,2020-05-20 04:48:59 UTC,331,19,6,3,0,0,https://teachme.jp/65292/manuals/8675530,0,0,スマートな中間下げや、ついでの中間下げ,"",,,false,3,3
ルーキーズフォルダ,,,,,37.オーダー通し,published,r.mk301-nyan,菅原香織,2020-05-20 04:34:31 UTC,2020-05-20 04:36:17 UTC,,,2020-05-20 04:49:28 UTC,441,14,4,3,0,0,https://teachme.jp/65292/manuals/8675522,0,0,"","",,,false,5,5
ルーキーズフォルダ,,,,,36.オーダー受注　テーブル,published,r.mk301-nyan,菅原香織,2019-02-06 05:33:27 UTC,2019-02-21 04:11:17 UTC,,,2020-05-20 04:49:41 UTC,751,9,1,1,0,0,https://teachme.jp/65292/manuals/5411080,4,0,"","",,,false,4,2
ルーキーズフォルダ,,,,,35.レジ対応,published,r.mk301-nyan,菅原香織,2019-01-07 00:18:28 UTC,2019-01-07 00:19:13 UTC,,,2020-05-20 05:31:03 UTC,833,38,15,6,2,1,https://teachme.jp/65292/manuals/5225239,4,1,レジでのお客様対応です,"",,,false,7,2
ルーキーズフォルダ,,,,,34.フライドポテトの提供,published,r.mk301-nyan,菅原香織,2020-05-20 04:33:44 UTC,2020-05-20 04:37:50 UTC,,,2020-05-20 05:31:14 UTC,360,25,12,4,1,0,https://teachme.jp/65292/manuals/8675506,0,0,"","",,,false,1,1
ルーキーズフォルダ,,,,,33.伝票の置き方,published,r.mk301-nyan,菅原香織,2019-02-19 02:24:20 UTC,2019-02-21 08:09:52 UTC,,,2020-05-20 05:31:28 UTC,632,41,16,4,1,0,https://teachme.jp/65292/manuals/5481221,4,0,"","",,,false,4,1
ルーキーズフォルダ,,,,,32.カレーの提供,published,r.mk301-nyan,菅原香織,2019-02-19 02:06:20 UTC,2019-02-21 04:10:03 UTC,,,2020-05-20 05:31:41 UTC,986,105,37,8,3,0,https://teachme.jp/65292/manuals/5480953,5,0,"","",,,false,5,2
ルーキーズフォルダ,,,,,31.提供コール,published,r.mk301-nyan,菅原香織,2020-05-20 04:32:40 UTC,2020-05-20 04:39:41 UTC,,,2020-05-20 05:31:53 UTC,483,30,16,4,2,0,https://teachme.jp/65292/manuals/8675488,0,0,"","",,,false,3,1
ルーキーズフォルダ,,,,,30.ドリンクの提供,published,r.mk301-nyan,菅原香織,2019-02-18 06:27:09 UTC,2019-02-21 04:10:49 UTC,,,2020-05-20 05:32:11 UTC,638,34,10,2,1,0,https://teachme.jp/65292/manuals/5476085,4,0,"","",,,false,2,1
ルーキーズフォルダ,,,,,29.サラダの提供　ロゴの向き,published,r.mk301-nyan,菅原香織,2020-05-20 04:31:59 UTC,2020-05-20 04:40:40 UTC,,,2020-05-20 05:32:36 UTC,279,28,8,3,2,0,https://teachme.jp/65292/manuals/8675482,0,0,サラダの提供時、ロゴの向きに注意して提供しなくてはいけません！,"",,,false,4,1
ルーキーズフォルダ,,,,,28.サラダ提供,published,r.mk301-nyan,菅原香織,2019-02-18 07:08:15 UTC,2019-02-21 04:10:31 UTC,,,2020-05-20 05:32:52 UTC,703,61,18,5,1,0,https://teachme.jp/65292/manuals/5476625,4,0,"","",,,false,5,1
ルーキーズフォルダ,,,,,27.ふんわりサラダのコツ,published,r.mk301-nyan,菅原香織,2020-05-20 04:31:06 UTC,2020-05-20 04:41:38 UTC,,,2020-05-20 05:33:13 UTC,371,40,14,3,1,0,https://teachme.jp/65292/manuals/8675470,0,0,"仕込んだサラダをそのまま出してはペッタンコです。
ふんわりとボリュームを出して見た目から美味しくしましょう！","",,,false,5,1
ルーキーズフォルダ,,,,,25.ご案内　複数名様,published,r.mk301-nyan,菅原香織,2019-02-05 03:20:25 UTC,2019-02-21 04:08:07 UTC,,,2020-05-20 05:33:44 UTC,634,43,13,4,1,0,https://teachme.jp/65292/manuals/5401375,4,0,"","",,,false,1,1
ルーキーズフォルダ,,,,,24.ご案内　１名様,published,r.mk301-nyan,菅原香織,2019-02-05 03:09:27 UTC,2019-02-21 04:06:53 UTC,,,2020-05-20 05:33:56 UTC,675,52,17,4,1,0,https://teachme.jp/65292/manuals/5401275,4,0,"","",,,false,1,1
ルーキーズフォルダ,,,,,23.氷の入ったグラスの扱い方,published,r.mk301-nyan,菅原香織,2020-05-20 04:20:33 UTC,2020-05-20 04:43:35 UTC,,,2020-05-20 05:34:10 UTC,270,21,6,2,0,0,https://teachme.jp/65292/manuals/8675325,0,0,"","",,,false,2,2
ルーキーズフォルダ,,,,,22.下げの仕方（テーブル編）,published,r.mk301-nyan,菅原香織,2019-01-07 00:12:38 UTC,2019-01-07 00:17:05 UTC,,,2020-05-20 05:34:45 UTC,576,44,15,7,1,0,https://teachme.jp/65292/manuals/5225208,2,0,下げ：お客様がお帰りになった後のテーブルの方付けの事。,,,,false,6,1
ルーキーズフォルダ,,,,,21.下げの仕方（カウンター編）,published,r.mk301-nyan,菅原香織,2019-01-07 00:13:22 UTC,2019-01-07 00:17:24 UTC,,,2020-05-20 05:35:12 UTC,797,61,28,9,2,0,https://teachme.jp/65292/manuals/5225221,3,0,カウンターの片づけ方のコツ！,"",,,false,6,1
ルーキーズフォルダ,,,,,20.ポットの作り方,published,r.mk301-nyan,菅原香織,2020-05-20 04:11:06 UTC,2020-05-20 05:35:39 UTC,,,2020-05-20 05:35:39 UTC,443,44,20,5,2,0,https://teachme.jp/65292/manuals/8675212,0,0,"","",,,false,1,1
ルーキーズフォルダ,,,,,19.セット時、メニューブックのご案内,published,r.mk301-nyan,菅原香織,2020-05-20 04:10:45 UTC,2020-05-20 05:36:11 UTC,,,2020-05-20 05:36:11 UTC,357,18,4,1,0,0,https://teachme.jp/65292/manuals/8675203,0,0,セットに行ったときに、お客様の様子をよく観察することが大切です。お客様に言われる前に、こちらから気づいて行動していきましょう,"",,,false,3,3
ルーキーズフォルダ,,,,,18.平置きメニューがあるときのセット、カレーの提供,published,r.mk301-nyan,菅原香織,2020-05-20 04:10:21 UTC,2020-05-20 05:36:46 UTC,,,2020-05-20 05:36:46 UTC,517,26,6,3,1,0,https://teachme.jp/65292/manuals/8675192,0,0,テーブルの上に、平置きメニューが置いてあるとき、セットやカレーの提供はどうしたらよいか,"",,,false,6,5
ルーキーズフォルダ,,,,,17.セット　テーブル,published,r.mk301-nyan,菅原香織,2019-02-06 05:21:12 UTC,2019-02-21 08:09:27 UTC,,,2020-05-20 05:37:09 UTC,826,30,8,4,3,2,https://teachme.jp/65292/manuals/5410952,3,0,"","",,,false,1,1
ルーキーズフォルダ,,,,,16.セット　カウンター,published,r.mk301-nyan,菅原香織,2019-02-05 03:31:15 UTC,2019-02-21 04:11:39 UTC,,,2020-05-20 05:37:43 UTC,1205,30,9,4,2,1,https://teachme.jp/65292/manuals/5401487,3,0,"","",,,false,1,1
ルーキーズフォルダ,,,,,15.お客様がお帰りになる時の発声,published,r.mk301-nyan,菅原香織,2020-05-20 04:09:32 UTC,2020-05-20 05:38:08 UTC,,,2020-05-20 05:38:08 UTC,406,37,14,5,2,0,https://teachme.jp/65292/manuals/8675184,0,0,"","",,,false,1,1
ルーキーズフォルダ,,,,,14.商品提供時の発声,published,r.mk301-nyan,菅原香織,2020-05-20 04:09:15 UTC,2020-05-20 05:38:32 UTC,,,2020-05-20 05:38:32 UTC,539,43,22,4,2,0,https://teachme.jp/65292/manuals/8675167,0,0,"","",,,false,2,2
ルーキーズフォルダ,,,,,13.呼び出しベルが鳴ったときの発声,published,r.mk301-nyan,菅原香織,2020-05-20 04:08:45 UTC,2020-05-20 05:38:51 UTC,,,2020-05-20 05:38:51 UTC,502,39,20,6,3,0,https://teachme.jp/65292/manuals/8675159,0,0,"","",,,false,2,2
ルーキーズフォルダ,,,,,12.いらっしゃいませの発声　夜バージョン,published,r.mk301-nyan,菅原香織,2020-05-20 03:48:18 UTC,2020-05-20 05:39:16 UTC,,,2020-05-20 05:39:16 UTC,357,33,11,2,1,0,https://teachme.jp/65292/manuals/8674941,0,0,"","",,,false,1,1
ルーキーズフォルダ,,,,,11.いらっしゃいませの発声　昼バージョン,published,r.mk301-nyan,菅原香織,2020-05-20 04:07:49 UTC,2020-05-20 05:39:34 UTC,,,2020-05-20 05:39:34 UTC,550,45,19,7,2,0,https://teachme.jp/65292/manuals/8675134,0,0,"","",,,false,1,1
ルーキーズフォルダ,,,,,10.退店挨拶,published,r.mk301-nyan,菅原香織,2020-05-20 03:12:10 UTC,2020-05-20 05:40:50 UTC,,,2020-05-20 05:40:51 UTC,549,42,17,4,2,0,https://teachme.jp/65292/manuals/8674556,0,0,"",,,,false,1,1
ルーキーズフォルダ,,,,,09.入店挨拶,published,r.mk301-nyan,菅原香織,2020-05-20 02:53:30 UTC,2020-05-20 05:41:13 UTC,,,2020-05-20 05:41:13 UTC,645,54,14,4,2,0,https://teachme.jp/65292/manuals/8674241,0,0,"","",,,false,1,1
ルーキーズフォルダ,,,,,08.はじめましての挨拶,published,r.mk301-nyan,菅原香織,2020-05-20 02:51:49 UTC,2020-05-20 05:41:32 UTC,,,2020-05-20 05:41:32 UTC,631,53,18,6,3,0,https://teachme.jp/65292/manuals/8674212,0,0,"","",,,false,1,1
ルーキーズフォルダ,,,,,07.お辞儀の仕方,published,r.mk301-nyan,菅原香織,2020-05-20 02:50:49 UTC,2020-05-20 05:42:01 UTC,,,2020-05-20 05:42:01 UTC,437,42,14,4,3,0,https://teachme.jp/65292/manuals/8674197,0,0,"お辞儀ひとつで人の印象は大きく違ってきます！
しっかりと気持ちの伝わるお辞儀をできるようにしましょう","",,,false,2,2
ルーキーズフォルダ,,,,,06.手洗い動画,published,r.mk301-nyan,菅原香織,2020-05-20 02:39:10 UTC,2020-05-20 05:42:44 UTC,,,2020-05-20 05:42:44 UTC,398,35,8,3,2,0,https://teachme.jp/65292/manuals/8673999,0,0,"","",,,false,1,1
ルーキーズフォルダ,,,,,05.粘着ローラーの使い方,published,r.mk301-nyan,菅原香織,2020-05-20 02:38:53 UTC,2020-05-20 05:43:08 UTC,,,2020-05-20 05:43:08 UTC,336,37,9,3,2,0,https://teachme.jp/65292/manuals/8673978,0,0,"","",,,false,1,1
ルーキーズフォルダ,,,,,04.アイロンがけ（シャツ編）,published,r.mk301-nyan,菅原香織,2020-05-20 02:38:35 UTC,2020-05-20 05:43:36 UTC,,,2020-05-20 05:43:36 UTC,133,4,2,0,0,0,https://teachme.jp/65292/manuals/8673958,2,0,シャツのアイロンがけ方法について！,,,,false,4,4
ルーキーズフォルダ,,,,,03.アイロンがけ（用具・ズボン編）,published,r.mk301-nyan,菅原香織,2020-05-20 02:38:13 UTC,2020-05-20 05:43:58 UTC,,,2020-05-20 05:43:58 UTC,220,9,2,0,0,0,https://teachme.jp/65292/manuals/8673938,1,0,アイロンがけをする上での準備,,,,false,5,5
ルーキーズフォルダ,,,,,02.身嗜み（女性編）,published,r.mk301-nyan,菅原香織,2020-05-20 02:37:49 UTC,2020-05-20 05:44:21 UTC,,,2020-05-20 05:44:21 UTC,375,26,11,5,3,0,https://teachme.jp/65292/manuals/8673916,0,0,"制服を着用している以上、壱番屋の看板を身に着けていると同等の事です！！
着こなし以外にも、制服着用時の店舗外での振舞いにも十分注意すること！！
","",,,false,9,0
ルーキーズフォルダ,,,,,01.身嗜み（男性編）,published,r.mk301-nyan,菅原香織,2020-05-20 02:36:47 UTC,2020-05-20 05:44:36 UTC,,,2020-05-20 05:44:36 UTC,370,27,9,5,4,3,https://teachme.jp/65292/manuals/8673889,0,0,"制服を着用している以上、壱番屋の看板を身に着けていると同等の事です！！
着こなし以外にも、制服着用時の店舗外での振舞いにも十分注意すること！！
","",,,false,9,0
01.身嗜み,,,,,01.アイロンがけ（シャツ編）,published,r.mk301-nyan,菅原香織,2018-07-22 07:26:47 UTC,2018-07-22 08:20:54 UTC,,,2020-05-22 05:11:26 UTC,988,72,26,12,7,4,https://teachme.jp/65292/manuals/4302022,16,21,シャツのアイロンがけ方法について！,,,,false,4,4
01.身嗜み,,,,,02.アイロンがけ（用具・ズボン編）,published,r.mk301-nyan,菅原香織,2018-07-22 08:48:06 UTC,2018-07-22 08:57:36 UTC,,,2020-05-22 05:11:40 UTC,656,44,13,7,2,1,https://teachme.jp/65292/manuals/4302181,11,7,アイロンがけをする上での準備,,,,false,5,5
01.身嗜み,,,,,03.身嗜み（男性編）,published,r.mk301-nyan,菅原香織,2020-03-30 06:05:33 UTC,2020-03-31 06:52:08 UTC,,,2020-05-22 05:11:54 UTC,687,79,36,10,4,2,https://teachme.jp/65292/manuals/8244137,4,8,"制服を着用している以上、壱番屋の看板を身に着けていると同等の事です！！
着こなし以外にも、制服着用時の店舗外での振舞いにも十分注意すること！！
","",,,false,9,0
01.身嗜み,,,,,04.身嗜み（女性編）,published,r.mk301-nyan,菅原香織,2018-10-06 06:18:04 UTC,2018-10-06 08:39:54 UTC,,,2020-05-22 05:12:09 UTC,1314,104,55,29,7,0,https://teachme.jp/65292/manuals/4724775,11,8,"制服を着用している以上、壱番屋の看板を身に着けていると同等の事です！！
着こなし以外にも、制服着用時の店舗外での振舞いにも十分注意すること！！
","",,,false,9,0
01.身嗜み,,,,,05.粘着ローラーの使い方,published,r.mk301-nyan,菅原香織,2019-06-06 08:15:14 UTC,2019-06-17 04:20:27 UTC,,,2020-05-22 05:12:24 UTC,814,81,37,18,6,0,https://teachme.jp/65292/manuals/6190128,0,3,"","",,,false,1,1
01.身嗜み,,,,,06.手洗い動画,published,r.mk301-nyan,菅原香織,2020-02-13 04:54:47 UTC,2020-02-13 06:27:15 UTC,,,2020-05-22 05:12:35 UTC,920,82,37,16,4,0,https://teachme.jp/65292/manuals/7875230,2,16,"","",,,false,1,1
02.挨拶・発声,,,,,01.お辞儀の仕方,published,r.mk301-nyan,菅原香織,2018-11-10 07:56:41 UTC,2018-11-12 07:54:42 UTC,,,2020-05-23 00:19:57 UTC,1606,154,45,19,4,0,https://teachme.jp/65292/manuals/4918779,10,23,"お辞儀ひとつで人の印象は大きく違ってきます！
しっかりと気持ちの伝わるお辞儀をできるようにしましょう","",,,false,2,2
02.挨拶・発声,,,,,02.はじめましての挨拶,published,r.mk301-nyan,菅原香織,2020-03-31 05:44:54 UTC,2020-03-31 06:53:14 UTC,,,2020-05-23 00:20:11 UTC,1701,225,78,37,14,2,https://teachme.jp/65292/manuals/8256101,4,14,"","",,,false,1,1
02.挨拶・発声,,,,,04.入店挨拶,published,r.mk301-nyan,菅原香織,2020-03-31 05:42:34 UTC,2020-03-31 06:52:49 UTC,,,2020-05-23 00:21:59 UTC,1811,267,103,48,14,4,https://teachme.jp/65292/manuals/8256065,4,22,"","",,,false,1,1
02.挨拶・発声,,,,,03.出勤時の挨拶,published,r.mk301-nyan,菅原香織,2018-08-26 07:25:06 UTC,2018-08-26 07:32:07 UTC,,,2020-05-23 00:24:09 UTC,2424,300,104,53,20,2,https://teachme.jp/65292/manuals/4490138,9,20,出勤したら、まずこの挨拶をします！！,,,,false,1,1
02.挨拶・発声,,,,,05.退店挨拶,published,r.mk301-nyan,菅原香織,2018-08-26 07:42:58 UTC,2018-08-26 07:45:36 UTC,,,2020-05-23 00:25:52 UTC,1762,235,85,46,16,4,https://teachme.jp/65292/manuals/4490170,8,21,"",,,,false,1,1
03.衛生管理ルール,,,,,01.体調管理チェック,published,r.mk301-nyan,菅原香織,2018-07-25 04:56:56 UTC,2018-07-25 04:57:16 UTC,,,2020-05-23 00:26:17 UTC,610,54,28,11,4,0,https://teachme.jp/65292/manuals/4320519,8,12,衛生上重要な従業員の体調管理！,"",,,false,3,0
03.衛生管理ルール,,,,,04.本体期限がある食材の使用期限の出し方,published,r.mk301-nyan,菅原香織,2018-06-13 00:41:16 UTC,2018-06-13 00:41:23 UTC,,,2020-05-23 00:26:37 UTC,530,45,29,9,6,1,https://teachme.jp/65292/manuals/4063412,5,4,"食材によっては本体期限が短い食材があります。
ゆで卵等、使用期限発行の際に本体期限を入力し発行する食材もあります。","",,,false,11,1
03.衛生管理ルール,,,,,03.使用期限シールの出し方,published,r.mk301-nyan,菅原香織,2018-06-13 00:08:14 UTC,2018-06-13 00:08:19 UTC,,,2020-05-23 00:26:48 UTC,642,59,34,11,6,0,https://teachme.jp/65292/manuals/4063234,8,4,"使用する食材には全て使用期限があります。
期限プリンターを使って使用期限シールを出す方法を説明します。","",,,false,7,1
03.衛生管理ルール,,,,,02.温度チェック,published,r.mk301-nyan,菅原香織,2018-07-03 04:08:54 UTC,2018-07-03 04:09:03 UTC,,,2020-05-23 00:26:59 UTC,510,53,35,14,6,3,https://teachme.jp/65292/manuals/4186279,5,14,店舗の運営にとって、大事なチェック表の1つです。,"",,,false,8,0
04.接客・フロア作業　初級,,,,,01.いらっしゃいませの発声　昼バージョン,published,r.mk301-nyan,菅原香織,2020-03-31 05:38:35 UTC,2020-03-31 06:46:13 UTC,,,2020-05-23 00:31:31 UTC,899,139,58,22,6,2,https://teachme.jp/65292/manuals/8255937,2,5,"","",,,false,1,1
04.接客・フロア作業　初級,,,,,02.いらっしゃいませの発声　夜バージョン,published,r.mk301-nyan,菅原香織,2020-03-31 05:53:03 UTC,2020-03-31 06:47:20 UTC,,,2020-05-23 00:31:47 UTC,897,127,58,28,10,3,https://teachme.jp/65292/manuals/8256267,1,3,"","",,,false,1,1
00.様々なアプリの設定など,,,,,03.給与明細（PXまいポータル）の設定、観覧,published,r.mk301-nyan,菅原香織,2020-05-28 03:25:47 UTC,2020-05-28 05:54:55 UTC,,,2020-05-28 09:44:43 UTC,320,50,21,11,4,0,https://teachme.jp/65292/manuals/8752909,1,0,WEB給与の最初の設定と観覧の仕方について,"",,,false,9,0
00.様々なアプリの設定など,,,,,02.サイバーマネージャのダウンロード,published,r.mk301-nyan,菅原香織,2020-05-28 07:15:25 UTC,2020-05-28 07:15:54 UTC,,,2020-05-28 11:00:37 UTC,405,55,23,10,7,2,https://teachme.jp/65292/manuals/8757076,0,0,"スマホで
http://link-c.tokyo/app_dl/
のサイトを開く","",,,false,5,0
00.様々なアプリの設定など,,,,,01.TMBの見方,published,r.mk301-nyan,菅原香織,2020-05-22 05:31:03 UTC,2020-05-22 05:45:16 UTC,,,2020-05-28 11:00:46 UTC,324,57,26,12,3,1,https://teachme.jp/65292/manuals/8701809,1,0,"","",,,false,6,0
10.サイバー使用（Ｐ/Ａさん用）,,,,,プロフィールの登録,published,r.mk301-nyan,菅原香織,2020-06-25 05:19:49 UTC,2020-06-25 06:01:44 UTC,,,2020-06-25 06:01:44 UTC,254,8,5,3,3,0,https://teachme.jp/65292/manuals/9020848,0,2,"プロフィールの登録は、サイバーアプリからは登録できないため、
最初だけPC版のサイバーにログインして設定してください。","",,,false,5,0
10.サイバー使用（Ｐ/Ａさん用）,,,,,お気に入り登録,published,r.mk301-nyan,菅原香織,2020-06-25 06:26:01 UTC,2020-06-25 06:32:25 UTC,,,2020-06-25 06:32:25 UTC,193,9,6,4,3,0,https://teachme.jp/65292/manuals/9022682,0,6,"お気に入り登録をすることで、
その人の日報をスムーズに見ることができる便利機能です。

お気に入り登録は、PC版サイバーでのみ登録することができます。
一度登録すると、アプリでもお気に入りに登録した人の日報をみることができます。","",,,false,3,0
04.接客・フロア作業　初級,,,,,ハンディ操作,published,r.mk301-nyan,菅原香織,2020-06-25 06:42:55 UTC,2020-06-26 08:00:00 UTC,,,2020-06-26 08:31:54 UTC,1597,66,28,11,3,0,https://teachme.jp/65292/manuals/9023078,3,5,"","",,,false,13,1
04.接客・フロア作業　初級,,,,,電話対応,published,r.mk301-nyan,菅原香織,2020-06-26 08:14:22 UTC,2020-06-26 08:47:21 UTC,,,2020-06-26 08:47:21 UTC,860,123,56,21,8,1,https://teachme.jp/65292/manuals/9039911,4,7,"","",,,false,1,1
06.サイドメニュー作成,,,,,コーラの作り方,published,r.mk301-nyan,菅原香織,2020-08-24 03:59:29 UTC,2020-08-24 04:48:30 UTC,r.mk301-nyan,菅原香織,2020-08-24 04:48:30 UTC,380,54,22,9,6,1,https://teachme.jp/65292/manuals/9524085,1,1,コーラの作り方です。,,,,false,3,1
07.調理ルーキーズ,,,,,テイクアウトライスの盛り方,published,r.mk301-nyan,菅原香織,2020-08-24 04:48:57 UTC,2020-08-24 05:00:49 UTC,r.mk301-nyan,菅原香織,2020-08-24 05:00:49 UTC,305,42,11,4,1,0,https://teachme.jp/65292/manuals/9524596,1,4,テイクアウトのライスの盛り方です。,,,,false,1,2
06.サイドメニュー作成,,,,,アイスカフェオレの作り方,published,r.mk301-nyan,菅原香織,2020-08-24 05:28:11 UTC,2020-08-24 05:37:49 UTC,r.mk301-nyan,菅原香織,2020-08-24 05:37:49 UTC,461,77,32,13,5,1,https://teachme.jp/65292/manuals/9525302,0,1,"アイスカフェオレ
アイスコーヒー100ｃｃ
アイスミルク50ｃｃ
氷4個",,,,false,2,1
06.サイドメニュー作成,,,,,アイスコーヒーの作り方,published,r.mk301-nyan,菅原香織,2020-08-24 05:38:05 UTC,2020-08-24 05:43:12 UTC,r.mk301-nyan,菅原香織,2020-08-24 05:43:12 UTC,292,45,14,6,3,1,https://teachme.jp/65292/manuals/9525659,0,1,"アイスコーヒー150ｃｃ
氷4個",,,,false,2,1
06.サイドメニュー作成,,,,,ウーロン茶の作り方,published,r.mk301-nyan,菅原香織,2020-08-24 05:53:36 UTC,2020-08-24 05:56:49 UTC,r.mk301-nyan,菅原香織,2020-08-24 05:56:49 UTC,268,40,16,7,5,1,https://teachme.jp/65292/manuals/9526219,0,0,"ウーロン茶150ｃｃ
氷4個",,,,false,1,1
06.サイドメニュー作成,,,,,アイスミルクの作り方,published,r.mk301-nyan,菅原香織,2020-08-24 05:43:29 UTC,2020-08-24 05:49:23 UTC,r.mk301-nyan,菅原香織,2020-08-24 05:58:06 UTC,345,55,19,9,5,1,https://teachme.jp/65292/manuals/9525738,0,1,"アイスミルク150ｃｃ
氷4個",,,,false,2,1
12.店長・代行,,,,,ＳＲ分析表の使用方法,published,r.mk301-nyan,菅原香織,2020-08-29 02:45:56 UTC,2020-08-29 03:48:43 UTC,r.mk301-nyan,菅原香織,2020-08-30 02:37:08 UTC,166,7,4,1,0,0,https://teachme.jp/65292/manuals/9584101,1,0,ＳＲ分析表の使用方法です。,,,,false,12,0
07.調理ルーキーズ,,,,,マリーのかっぱぎ方法,published,r.mk301-nyan,菅原香織,2020-11-13 01:17:39 UTC,2020-11-13 01:48:06 UTC,r.mk301-nyan,菅原香織,2020-11-13 01:48:16 UTC,491,72,24,7,1,0,https://teachme.jp/65292/manuals/10275659,4,5,マリーのかっぱぎ方法,,,,false,8,4
03.衛生管理ルール,,,,,ソース温度管理表の記入方法,published,nagaoka,長岡,2020-11-17 23:49:00 UTC,2020-11-18 10:49:58 UTC,nagaoka,長岡,2020-11-18 10:57:01 UTC,170,26,17,7,3,1,https://teachme.jp/65292/manuals/10312908,3,2,ソース温度管理表の記入方法,,,,false,3,0
07.調理ルーキーズ,,,,,正しい包丁の持ち方,published,hakurakueki,白楽,2020-11-20 13:22:49 UTC,2020-11-20 13:35:49 UTC,hakurakueki,白楽,2020-11-20 13:35:49 UTC,359,50,17,8,4,0,https://teachme.jp/65292/manuals/10347001,3,4,"包丁を正しく持って、
綺麗にカツをカットしましょう！","",,,false,3,1
07.調理ルーキーズ,,,,,ソースの粗熱の取り方,published,nagaoka,長岡,2020-11-13 10:28:52 UTC,2020-11-15 12:45:12 UTC,nagaoka,長岡,2020-11-21 07:55:39 UTC,283,64,27,11,3,1,https://teachme.jp/65292/manuals/10284748,3,4,ソースの粗熱の取り方,,,,false,4,0
12.店長・代行,,,,,売上チェックシート,edit,hujioka,藤岡,2020-11-21 12:00:19 UTC,,hujioka,藤岡,2020-12-11 07:52:15 UTC,0,0,0,0,0,0,https://teachme.jp/65292/manuals/10349550,0,0,日々の必要書類なのでしっかり入力しましょう。,"",,,false,7,0
08.調理初級,,,,,ビーフカレー　　ソース・ビーフ肉量表,published,hakurakueki,白楽,2020-11-25 07:23:04 UTC,2020-11-25 07:55:50 UTC,hakurakueki,白楽,2020-11-25 07:55:50 UTC,450,65,19,5,1,0,https://teachme.jp/65292/manuals/10375197,2,4,"ビーフカレーの
ソース量・お肉の量が
すぐにわかります！","",,,false,3,0
14.らーめん,,,,,☆らーめん☆冷凍ゆで麺（電子レンジ使用の場合）,published,sanjyou,三条,2020-11-26 00:16:13 UTC,2020-11-26 01:02:06 UTC,sanjyou,三条,2020-11-26 01:02:06 UTC,116,29,6,0,0,0,https://teachme.jp/65292/manuals/10379609,0,0,"らーめんの調理の基本
冷凍ゆで麺の電子レンジ使用の場合のマニュアルです",,,,false,6,0
21キャンペーン関連,,,,,ポケットモンスター　ココ　　みんなでココイチキャンペーン,published,hujitakashima,富士高島町,2020-11-25 01:02:24 UTC,2020-11-25 11:03:43 UTC,r.mk301-nyan,菅原香織,2020-11-30 00:25:10 UTC,439,4,2,1,1,0,https://teachme.jp/65292/manuals/10368696,4,0,"ポケットモンスター　ココ
みんなでココイチキャンペーン

キャンペーン期間は

2020年12月1日（火）～2021年1月11日（月）です。",,,,false,4,0
14.らーめん,,,,,☆五目あんかけらーめん☆2020.12.1～2021.2.28期間限定メニュー,published,sanjyou,三条,2020-11-26 03:15:03 UTC,2020-11-26 04:05:32 UTC,sanjyou,三条,2020-11-30 13:48:50 UTC,107,2,0,0,0,0,https://teachme.jp/65292/manuals/10383787,1,0,"2020年12月1日～2021年2月28日までの
期間限定ラーメンメニュー
「五目あんかけらーめん」",,,,false,6,0
07.調理ルーキーズ,,,,,とび辛の扱い方,published,hakurakueki,白楽,2020-12-06 07:10:13 UTC,2020-12-06 07:10:18 UTC,hakurakueki,白楽,2020-12-06 07:11:04 UTC,393,70,24,9,4,0,https://teachme.jp/65292/manuals/10473153,3,2,"辛味の決め手となるとび辛。
しっかりと準備して使用しましょう！","",,,false,1,1
22.ＰＯＳ関連,,,,,QRコード決済POS運営マニュアル　　操作①,published,hujitakashima,富士高島町,2020-12-06 14:16:58 UTC,2020-12-06 15:11:25 UTC,hujitakashima,富士高島町,2020-12-06 15:22:23 UTC,386,10,8,1,1,1,https://teachme.jp/65292/manuals/10473630,2,2,"★2020年12月17日よりORコード決済開始です。

●POSより会計する伝票番号を選択しましょう！",,,,false,4,0
12.店長・代行,,,,,☆緊急時対応☆,published,sanjyou,三条,2020-12-08 15:39:54 UTC,2020-12-09 00:47:39 UTC,sanjyou,三条,2020-12-09 00:47:39 UTC,218,33,20,12,3,1,https://teachme.jp/65292/manuals/10496658,4,1,"電気がつかない！？
ガスが・・・！？
水道が！？

そんな時も対応法が分っていれば
焦らずに対処できます

店長、レギュラー、代行メンバーは
緊急時の対応を
きちんと把握しておきましょう",,,,false,8,0
03.衛生管理ルール,,,,,シャリ弁ロボ用計量チェックシート記入方法,published,nagaoka,長岡,2020-11-18 10:53:03 UTC,2020-12-09 08:34:32 UTC,nagaoka,長岡,2020-12-09 08:34:32 UTC,179,21,10,4,2,0,https://teachme.jp/65292/manuals/10324713,3,2,シャリ弁ロボ用計量チェックシートの記入方法,,,,false,5,1
ルーキーズフォルダ,,,,,20.お客様とすれ違う時,published,r.mk301-nyan,菅原香織,2019-01-07 00:18:46 UTC,2019-01-07 00:19:28 UTC,r.mk301-nyan,菅原香織,2020-12-11 06:39:26 UTC,509,28,9,4,1,0,https://teachme.jp/65292/manuals/5225247,3,1,店内でお客様とすれ違う時、どのようにしていますか？,"",,,false,3,3
21キャンペーン関連,,,,,★KoKo deチキンボックス　ネット予約受注方法,published,hujitakashima,富士高島町,2020-12-10 23:48:26 UTC,2020-12-15 11:01:16 UTC,hujitakashima,富士高島町,2020-12-16 13:30:42 UTC,119,3,1,1,0,0,https://teachme.jp/65292/manuals/10518313,2,0,"●ネット限定先行予約期間　
12月1日（火）11：00～12月18日(金）20：00
☆受け取り可能日時指定は
12月19日（土）11：00～1月11日（月・祝）20：30

●ネット限定通常予約期間
12月19日（土）11：00～1月11日（月・祝）20：00
※先行予約期間にすべて売り切れた場合は予約を受けることが出来ません。

","",,,false,3,0
16.厨房機器全般（フライヤー・洗浄機・シャリ弁ロボ）,,,,,★ガスフライヤー　　種火が点かない！,published,hujitakashima,富士高島町,2021-01-17 14:20:14 UTC,2021-01-17 16:02:53 UTC,hujitakashima,富士高島町,2021-01-17 16:02:53 UTC,124,17,9,2,0,0,https://teachme.jp/65292/manuals/10798886,2,2,"種火がつかない⇒元栓は開いているか？⇒開いて着火すればOK！

それでも着火しない場合⇒パチンと火花は飛ぶか？⇒飛ぶ⇒清掃棒を押してみて着火するか？⇒着火すればOK！

着火しない場合固くて動かない場合は⚠緊急修理が必要です。

火花が飛ばない場合⇒チャッカマンで強制着火出来るか？
⇒⚠着火しても修理手配が必要です。

チャッカマンを使用しても着火しない場合は⚠緊急修理手配です。
連絡先
店舗企画部　0120-765-18",,,,false,1,0
13.洗い場,,,,,1洗い場の使い方,published,r.mk301-nyan,菅原香織,2021-01-18 05:23:04 UTC,2021-01-18 05:25:27 UTC,r.mk301-nyan,菅原香織,2021-01-18 05:44:44 UTC,492,78,35,15,5,1,https://teachme.jp/65292/manuals/10805072,2,2,"","",,,false,11,3
14.らーめん,,,,,☆とろとろたまごのカレー辛麺☆（スタンダード・辛・鬼）,published,sanjyou,三条,2021-02-26 14:25:50 UTC,2021-02-26 15:40:43 UTC,sanjyou,三条,2021-02-26 15:40:43 UTC,76,5,2,0,0,0,https://teachme.jp/65292/manuals/11216829,2,2,"3/1～5/末日までの期間限定ラーメンメニュー
「とろとろたまごのカレー辛麺」
辛さは3種類から選べます
・スタンダード（カラメン）
・辛（カラメンカラ）
・鬼辛（カラメンオニ
",,,,false,9,0
07.調理ルーキーズ,,,,,　 とび辛味のすり切り方,published,hakurakueki,白楽,2021-03-16 11:11:42 UTC,2021-03-16 11:11:47 UTC,hakurakueki,白楽,2021-03-18 00:01:48 UTC,536,115,34,17,3,0,https://teachme.jp/65292/manuals/11407463,4,4,"","",,,false,3,3
08.調理初級,,,,,定量テスト,edit,hakurakueki,白楽,2021-04-17 05:20:09 UTC,2021-04-17 05:20:14 UTC,hakurakueki,白楽,2021-04-17 05:20:11 UTC,28,0,0,0,0,0,https://teachme.jp/65292/manuals/11761614,3,1,定量テストのやり方,"",,,false,3,2
03.衛生管理ルール,,,,,期限プリンタアラーム対応方法,published,r.mk301-nyan,菅原香織,2021-04-20 02:06:27 UTC,2021-04-20 02:36:45 UTC,r.mk301-nyan,菅原香織,2021-04-20 02:36:45 UTC,327,78,67,4,1,0,https://teachme.jp/65292/manuals/11780624,1,19,期限プリンタのアラームが鳴った時の対応方法,,,,false,1,1
08.調理初級,,,,,定量テスト,published,hakurakueki,白楽,2021-04-22 02:44:56 UTC,2021-04-22 02:45:01 UTC,hakurakueki,白楽,2021-04-22 04:09:49 UTC,455,95,42,20,4,3,https://teachme.jp/65292/manuals/11808577,3,5,"☆定量テストのルール☆

①制限時間　3級者:時間無制限　2級者:40秒以内　1級者:30秒以内
②グラムの誤差は＋10gまでは合格とする
③5枚中、4枚定量で合格
④毎月3名（レギュラー・メイト全対象）、必ず実施する
⑤対象者　調理3級　調理2級　調理1級　全レギュラー","",,,false,4,2
12.店長・代行,,,,,●時売・サイバー集計のやり方について,published,hujitakashima,富士高島町,2021-04-18 14:16:28 UTC,2021-04-18 15:46:05 UTC,r.mk301-nyan,菅原香織,2021-05-06 00:44:17 UTC,211,23,20,6,1,1,https://teachme.jp/65292/manuals/11765353,2,0,"★時売とは・・・
人事売上高。
従業員一人当たり一時間にどの程度の売り上げを出しているか？
を表す数字です。


","",,,false,5,2
15.コンプライアンス,,,,,26.SNS投稿について,published,sanjyou,三条,2021-05-11 02:50:15 UTC,2021-05-11 03:14:12 UTC,r.mk301-nyan,菅原香織,2021-05-11 23:45:57 UTC,143,15,10,7,1,0,https://teachme.jp/65292/manuals/11952099,1,1,"近年たくさんの種類のSNSが普及しています。
正しい使いかたをすれば楽しく便利なツールですが使い方を間違えると・・・
自身はもちろんお店や会社に多大な迷惑と損害をかけかねません。

",,,,false,3,0
15.コンプライアンス,,,,,25.ハラスメント,published,sanjyou,三条,2021-05-10 01:10:54 UTC,2021-05-10 01:24:36 UTC,r.mk301-nyan,菅原香織,2021-05-11 23:46:29 UTC,96,20,9,6,0,0,https://teachme.jp/65292/manuals/11935479,1,0,"〇ハラスメントとは、さまざまな場面での嫌がらせやいじめのことです。自分ではハラスメントではないと思っていても、相手がハラスメントと感じたら、ハラスメントと判断されてしまいます。

従業員が働きやすい環境をつくるためにも、ハラスメントに対する意識喚起を含め、何かあった場合には迅速に対処しなければいけません。",,,,false,2,0
15.コンプライアンス,,,,,24.個人情報管理,published,sanjyou,三条,2021-05-10 01:02:20 UTC,2021-05-10 01:08:40 UTC,r.mk301-nyan,菅原香織,2021-05-11 23:46:59 UTC,41,11,7,3,0,0,https://teachme.jp/65292/manuals/11935409,1,0,"平成17年4月より施行された「個人情報保護法」

履歴書、宅配により開拓したお客様データなど合わせれば5000件以上の物になる。データの流出などが起これば店舗だけでなく会社全体の損害が生じる。履歴書、宅配データは必ず金庫内に保管し定期的にデータ更新を行い絶対社外に漏れないようにする事

※ネットテイクの注文伝票、宅配時の伝票など
特に処分時はシュレッダーをかけるなど厳重に取り扱うこと

",,,,false,1,0
15.コンプライアンス,,,,,23.外国人採用,published,sanjyou,三条,2021-05-10 00:49:23 UTC,2021-05-10 01:01:43 UTC,r.mk301-nyan,菅原香織,2021-05-11 23:47:14 UTC,70,10,2,0,0,0,https://teachme.jp/65292/manuals/11935247,2,0,"〇外国籍の方の入社も増えてきましたが
その際に必要な手続きをしっかり
把握して抜けがないように

◼︎ 起こりうる犯罪
【資格外活動罪】
3年以下の懲役若しくは禁錮又は300万円以下の罰金
【不法残留罪】
3年以下の懲役若しくは禁錮又は300万円以下の罰金
【不法就労助長罪】
3年以下の懲役又は300万円以下の罰金",,,,false,3,0
15.コンプライアンス,,,,,22.労災,published,sanjyou,三条,2021-04-27 05:36:58 UTC,2021-04-27 05:42:21 UTC,r.mk301-nyan,菅原香織,2021-05-11 23:47:25 UTC,54,7,4,3,0,0,https://teachme.jp/65292/manuals/11853759,2,0,"◎通勤途中の事故で労災が適用されるのは、直行直帰に限られる。

店舗保険との併用は出来ない。まずは業務災害総合保険を活用し、その上で適用範囲を超えている場合は労働災害保険(労災)での手続きを行う。

店舗で働いているスタッフが仕事中に怪我をした時に適用されます。

店舗で従事し(株)スカイスクレイパーからに賃金を支払われている者が労災の対象です。通勤途中の事故にも労災が適用されます。",,,,false,1,0
15.コンプライアンス,,,,,20.社員寮,published,sanjyou,三条,2021-05-10 00:39:35 UTC,2021-05-10 00:48:48 UTC,r.mk301-nyan,菅原香織,2021-05-11 23:47:46 UTC,90,15,5,3,1,0,https://teachme.jp/65292/manuals/11935068,2,0,"スカイスクレイパーの社員として
入社すると寮に入寮することができます。

ですがあくまでも会社の資産ですので
きちんとした管理が必要です。

清掃などはもちろんですが鍵の管理や近隣宅への
迷惑行為への注意など社会人らしい行いを
",,,,false,2,0
15.コンプライアンス,,,,,19.入社・退職時,published,sanjyou,三条,2021-04-29 05:45:07 UTC,2021-04-29 06:14:17 UTC,r.mk301-nyan,菅原香織,2021-05-11 23:47:56 UTC,147,21,9,4,0,0,https://teachme.jp/65292/manuals/11876084,3,0,"〇入社時、担当店舗の責任者は、入社スタッフに対して必ずコンプライアンスマニュアルの把握を義務付け、条件や規約を理解させる事とする。万が一、マニュアルの確認が出来ていないスタッフが居る場合、所属店舗の責任者は降格処分とする。
〇入社が決定した社員及びアルバイトは、サイバーマネージャーに入力・出力した「雇用契約書」に、サイン捺印を行う。 ",,,,false,3,0
15.コンプライアンス,,,,,18.スタッフ同士の交流,published,sanjyou,三条,2021-04-29 05:19:43 UTC,2021-04-29 05:44:31 UTC,r.mk301-nyan,菅原香織,2021-05-11 23:48:07 UTC,160,27,16,7,1,0,https://teachme.jp/65292/manuals/11875875,2,1,"●シフト以外のスタッフ同士の交流については、全て本人同士の自己責任のもとに行い、会社は、一切の責任を負わない。社会常識を逸脱した行為を行った者に関しては、懲戒解雇。
●ストーカー規正法の施行により「自分」と「相手」の感覚の違いでも罰せられます。嫌な思いをした時は速やかに店長または信頼できるスタッフへ連絡すること。

 起こりうる犯罪
【ストーカー行為】
1年以下の懲役または100万円の以下の罰金",,,,false,2,0
15.コンプライアンス,,,,,17.制服の管理,published,sanjyou,三条,2021-04-27 05:57:13 UTC,2021-04-27 06:18:26 UTC,r.mk301-nyan,菅原香織,2021-05-11 23:48:17 UTC,115,17,8,3,1,0,https://teachme.jp/65292/manuals/11854210,2,1,"制服の定数を超えた無断使用は禁止。
（制服所持基準一覧参照）

・所持基準を超える枚数を希望する場合は、レギュラーは上長へ相談報告のうえ買取とする。
メイトは要望を店長へ報告し、検討のうえ、貸与とします。",,,,false,1,0
15.コンプライアンス,,,,,16.横領,published,sanjyou,三条,2021-04-22 10:30:39 UTC,2021-04-22 12:39:24 UTC,r.mk301-nyan,菅原香織,2021-05-11 23:48:26 UTC,98,16,9,2,1,0,https://teachme.jp/65292/manuals/11816918,3,1,"れっきとした犯罪です

【業務上横領罪】
10年以下の懲役",,,,false,2,0
15.コンプライアンス,,,,,15.隠蔽～報連相の重要性,published,sanjyou,三条,2021-04-23 15:05:24 UTC,2021-04-23 15:19:36 UTC,r.mk301-nyan,菅原香織,2021-05-11 23:48:38 UTC,111,22,13,4,0,0,https://teachme.jp/65292/manuals/11828718,2,1,"◼︎ 起こりうる犯罪
【詐欺罪】
10年以下の懲役",,,,false,2,0
15.コンプライアンス,,,,,12.異物混入,published,sanjyou,三条,2021-04-27 03:21:08 UTC,2021-04-27 03:51:39 UTC,r.mk301-nyan,菅原香織,2021-05-11 23:49:08 UTC,159,38,25,7,2,0,https://teachme.jp/65292/manuals/11851023,2,1,"◎商品に異物が混入しているとのお申し出があった場合

まずは、異物が何であるかを目視で直接確認する。お弁当であった場合も同様に異物を直接確認する事が大原則。

〇必要に応じて商品の作り直し、もしくは返金の対応を行う。この時、商品を再作成して提供をし、そしてそれをお客様がお召し上がりになられた場合は、正規の商品を提供できたものとして、代金は頂戴する。",,,,false,3,0
15.コンプライアンス,,,,,9.店内での迷惑行為,published,sanjyou,三条,2021-04-22 10:25:59 UTC,2021-04-22 12:39:17 UTC,r.mk301-nyan,菅原香織,2021-05-11 23:49:38 UTC,119,15,9,3,0,0,https://teachme.jp/65292/manuals/11816886,3,0,"営業に差し支える行為・他のお客様が不快に思う・迷惑になる行為が発生した場合

例(酔っ払い・長時間滞在・大声で電話・お客様同士のトラブル・トイレへの立てこもり・大人数で騒ぐ等)

◼︎ 起こりうる犯罪
【威力業務妨害罪】
3年以下の懲役または50万円以下の罰金",,,,false,1,0
15.コンプライアンス,,,,,8.ストーカー,published,sanjyou,三条,2021-04-22 10:02:45 UTC,2021-04-22 12:39:01 UTC,r.mk301-nyan,菅原香織,2021-05-11 23:49:47 UTC,97,14,9,4,1,0,https://teachme.jp/65292/manuals/11816638,2,0,"近年増加傾向にあるストーカー被害

他の従業員からのストーカー被害や
来店のお客様からの被害などから
従業員を守りましょう！

◼︎ 起こりうる犯罪
【ストーカー行為】
1年以下の懲役または100万円の以下の罰金

",,,,false,2,0
15.コンプライアンス,,,,,7.火事・地震,published,sanjyou,三条,2021-04-22 09:43:13 UTC,2021-04-22 12:38:50 UTC,r.mk301-nyan,菅原香織,2021-05-11 23:49:59 UTC,187,30,21,10,0,0,https://teachme.jp/65292/manuals/11816460,2,1,"火事や地震などが起こった際

慌てずにまずは
「お客様と従業員の安全を最優先」で！",,,,false,2,0
15.コンプライアンス,,,,,6.レジ誤差,published,sanjyou,三条,2021-04-22 09:15:10 UTC,2021-04-22 12:38:42 UTC,r.mk301-nyan,菅原香織,2021-05-11 23:50:11 UTC,150,21,14,1,0,0,https://teachme.jp/65292/manuals/11815824,2,0,"誤差が発生した場合は、必ず調査&報告。

◼︎ 起こりうる犯罪
【業務上横領罪】
10年以下の懲役",,,,false,5,0
15.コンプライアンス,,,,,4.入店・退店時の注意点,published,sanjyou,三条,2021-04-22 07:39:12 UTC,2021-04-22 12:39:08 UTC,r.mk301-nyan,菅原香織,2021-05-11 23:50:31 UTC,155,25,18,6,1,0,https://teachme.jp/65292/manuals/11813720,2,1,"出勤・入店時には
人数が少なく周辺の人通りも少ないことが多いです。
店舗に異常がないことの確認と
身の安全の確保を第一に行動しましょう
",,,,false,5,0
15.コンプライアンス,,,,,3.店舗の責任者交代（所属店舗の異動）,published,sanjyou,三条,2021-04-22 06:14:57 UTC,2021-04-22 12:38:20 UTC,r.mk301-nyan,菅原香織,2021-05-11 23:50:42 UTC,171,23,14,3,0,0,https://teachme.jp/65292/manuals/11811783,2,0,"「レギュラー（メイトさん）の店舗異動」

特に店舗責任者が変わる際には
店舗内のあらゆる事柄をしっかり引き継いで
から交代する必要があります

〇以下のチェック項目を必ず新任者は引き継ぐこと",,,,false,6,0
ルーキーズフォルダ,,,,,39.サラダ作成提供,published,r.mk301-nyan,菅原香織,2020-06-24 06:02:20 UTC,2020-06-24 06:11:18 UTC,r.mk301-nyan,菅原香織,2021-05-11 23:52:11 UTC,483,38,15,6,0,0,https://teachme.jp/65292/manuals/9009305,2,1,"","",,,false,1,1
ルーキーズフォルダ,,,,,40.洗い場の使い方,published,r.mk301-nyan,菅原香織,2020-06-24 05:11:05 UTC,2020-06-24 05:54:21 UTC,r.mk301-nyan,菅原香織,2021-05-11 23:52:54 UTC,552,27,12,5,0,0,https://teachme.jp/65292/manuals/9008121,2,1,"","",,,false,11,3
ルーキーズフォルダ,,,,,41.TOのお子様仕上げ,published,nagaoka,長岡,2021-04-20 07:14:00 UTC,2021-04-20 09:00:29 UTC,r.mk301-nyan,菅原香織,2021-05-11 23:53:08 UTC,318,25,11,3,2,0,https://teachme.jp/65292/manuals/11787626,3,0,"素早く、丁寧に！
お客様がお待ちです！",,,,false,5,0
ルーキーズフォルダ,,,,,42.TOの仕上げ（200g～400g）,published,nagaoka,長岡,2021-04-15 09:42:38 UTC,2021-04-15 12:42:10 UTC,r.mk301-nyan,菅原香織,2021-05-11 23:53:25 UTC,313,18,3,0,0,0,https://teachme.jp/65292/manuals/11747094,5,1,"素早く、丁寧に！
お客様がお待ちです！",,,,false,6,1
ルーキーズフォルダ,,,,,43.TOの仕上げ（500g～600g・ソース別）,published,nagaoka,長岡,2021-04-20 02:35:44 UTC,2021-04-20 09:00:45 UTC,r.mk301-nyan,菅原香織,2021-05-11 23:53:40 UTC,296,20,5,3,0,0,https://teachme.jp/65292/manuals/11781476,2,0,"素早く、丁寧に！
お客様がお待ちです！",,,,false,5,0
07.調理ルーキーズ,,,,,火入れソースの濃度調整,published,hujitakashima,富士高島町,2021-05-18 13:41:25 UTC,2021-05-18 14:13:19 UTC,hujitakashima,富士高島町,2021-05-19 06:11:39 UTC,1201,116,52,12,4,2,https://teachme.jp/65292/manuals/12036835,4,151,"火入れ完了直後の濃度調整が適正であるか？
人それぞれ感覚的に行っている部分があると思います。
自らも、教える側もしっかり統一していきましょう。

★ポークソースを手鍋に取る際に使用する大レードル。
これを丸々1杯しっかり取ると360ｇ取れます。


計量して360ｇ以上になってしまった場合はソースの濃度は高いと言えます。","",,,false,2,2
08.調理初級,,,,,ハッシュドビーフのソース・肉・玉ねぎ量,published,hakurakueki,白楽,2021-05-20 00:25:39 UTC,2021-05-20 00:25:43 UTC,hakurakueki,白楽,2021-05-20 01:01:05 UTC,396,56,12,3,1,0,https://teachme.jp/65292/manuals/12049802,2,3,ソース・肉・玉ねぎの量は、ライス量の増減により変わります！,"",,,false,2,1
19.フロアチェック,,,,,テーブル補充,published,nagaoka,長岡,2021-05-17 07:33:01 UTC,2021-05-17 12:36:13 UTC,nagaoka,長岡,2021-05-20 03:44:03 UTC,300,31,16,8,3,0,https://teachme.jp/65292/manuals/12016857,2,1,"下げの際やピーク後のテーブル補充時の説明です。

その席に座ったお客様が初めて使ったと思っていただけるようにように綺麗にしましょう！",,,,false,8,0
14.らーめん,,,,,特製黒マー醤！コク旨豚カレーらーめん,published,sanjyou,三条,2021-05-26 14:21:54 UTC,2021-05-26 15:51:50 UTC,sanjyou,三条,2021-05-26 15:51:50 UTC,74,2,1,0,0,0,https://teachme.jp/65292/manuals/12123423,0,0,"6月～のらーめん期間限定メニュー！

「コク旨豚カレーらーめん」

ニンニクの旨味がガツンと効いてる
夏に似合うメニューです！",,,,false,7,0
22.ＰＯＳ関連,,,,,クレジット端末　クレピコ　　～電子マネー～,published,sanjyou,三条,2021-05-28 07:10:36 UTC,2021-05-28 07:35:43 UTC,sanjyou,三条,2021-05-29 00:38:05 UTC,262,4,2,1,1,0,https://teachme.jp/65292/manuals/12146518,1,1,"クレピコ決済
電子マネー編です

※QR決済、楽天ポイントは
2021、6現在対応できません",,,,false,10,0
22.ＰＯＳ関連,,,,,クレジット端末　クレピコ　　～クレジット決済～,published,sanjyou,三条,2021-05-28 06:04:47 UTC,2021-05-28 07:09:41 UTC,sanjyou,三条,2021-05-29 00:38:24 UTC,361,6,4,3,1,0,https://teachme.jp/65292/manuals/12145332,1,0,"ドライブスルーなどPOSから離れたところで
「クレジット」
「電子マネー」
でのお会計ができるクレジット端末です

※QR決済、楽天ポイントには
2021・6現在対応してません",,,,false,15,0
14.らーめん,,,,,☆魚介カレーつけ麺☆　～オーダー通しは「ツケメン」～,published,sanjyou,三条,2021-06-30 01:29:06 UTC,2021-06-30 02:49:20 UTC,sanjyou,三条,2021-06-30 02:49:20 UTC,63,3,2,0,0,0,https://teachme.jp/65292/manuals/12502508,0,0,"〇らーめん期間限定メニュー
「魚介カレーつけめん」
7月１日から８月末頃終了予定
（食材がなくなりしだい終了）

オーダー時に
・麺の量（小盛）（普通盛り）（大盛り）
・辛さ（甘口はできません、甘さの追加も×）
・温かい麺で提供【あつもり】か冷たい麺で提供【ひやもり】を選んでいただく
を必ず確認！",,,,false,7,0
03.衛生管理ルール,,,,,使用期限チェック,published,sanjyou,三条,2021-07-08 02:53:49 UTC,2021-07-08 06:07:39 UTC,sanjyou,三条,2021-07-08 06:32:59 UTC,437,44,25,13,8,0,https://teachme.jp/65292/manuals/12591094,1,2,"食材管理で最も大事な
「使用期限」

使用期限チェックの方法を間違えると
期限切れ提供など大きなミスにつながります

安全安心な運営の為にも正しい
チェック方法を",,,,false,7,3
03.衛生管理ルール,,,,,賞味・販売期限チェック,published,sanjyou,三条,2021-07-14 00:41:22 UTC,2021-07-14 04:37:01 UTC,sanjyou,三条,2021-08-02 04:39:37 UTC,528,79,43,19,13,1,https://teachme.jp/65292/manuals/12649378,3,1,"毎日の「使用期限チェック」とは別で
月に１回
「賞味・販売期限チェック」
を必ず実施しなくてはいけません

◎賞味期限
袋記載の期限まで提供が可能
（開封時に使用期限が発生するものもあるがここでは本体の賞味期限をチェックする）
◎販売期限
商品ごとにお客様に提供してよい
期間が定められている
（主にレジ前陳列商品、ドリンク、ドレッシングなど）",,,,false,10,4
14.らーめん,,,,,☆特製えびラー醤！ニラ玉カレーらーめん☆,published,sanjyou,三条,2021-08-31 06:35:59 UTC,2021-08-31 07:31:50 UTC,sanjyou,三条,2021-08-31 07:31:50 UTC,74,6,4,1,0,0,https://teachme.jp/65292/manuals/13106772,0,0,"9/１～のらーめん期間限定メニュー
「特製えびラー醤！ニラ玉カレーらーめん」

オーダー通しは
「ニラタマ」




",,,,false,5,0
ルーキーズフォルダ,,,,,☆モバイルオーダーの追加注文☆　店舗支払,published,sanjyou,三条,2021-10-13 14:46:07 UTC,2021-10-13 15:05:31 UTC,sanjyou,三条,2021-10-13 15:05:31 UTC,148,8,4,3,1,0,https://teachme.jp/65292/manuals/13576096,1,0,"モバイルオーダーの店舗支払で
ご追加注文をいただいた場合
◎ハンディ「追加キー」から元伝票の番号
を入力し、追加内容を入力します。
※モバイルオーダーの伝票同士のオーダーMIXはできません
※合計金額と請求金額が違って表示されますが
POSで表示される（会計金額）は合計金額です
→今後改修予定です",,,,false,1,0
ルーキーズフォルダ,,,,,☆モバイルオーダー☆,published,sanjyou,三条,2021-10-13 04:04:29 UTC,2021-10-13 15:04:29 UTC,sanjyou,三条,2021-10-13 15:05:53 UTC,107,11,5,3,1,0,https://teachme.jp/65292/manuals/13568011,1,0,"「モバイルオーダー」とは
事前に注文からお支払いまでをオンラインで行うことができ、店内では商品の受け取りのみを行っていただく便利なサービスです。店内でのご飲食でもご利用いただけます。
CoCo壱番屋公式アプリからの注文に対応しています。
事前のカード決済・店頭でのお支払いが可能です。",,,,false,1,0
ルーキーズフォルダ,,,,,☆モバイルオーダー　店内飲食　☆　店頭での即時注文,published,sanjyou,三条,2021-10-13 04:30:57 UTC,2021-10-13 15:06:12 UTC,sanjyou,三条,2021-10-13 15:06:19 UTC,97,9,7,3,0,0,https://teachme.jp/65292/manuals/13568286,1,0,"〇ココイチアプリを開いて
下部中央の「オーダー」から店内オーダーの
「ご注文」を押します。
「即時注文する」を押して卓上のオーダー用
QRコードを読み込んでいただきます",,,,false,4,0
ルーキーズフォルダ,,,,,☆モバイルオーダー　店内飲食☆　事前オーダー,published,sanjyou,三条,2021-10-13 04:47:01 UTC,2021-10-13 15:06:41 UTC,sanjyou,三条,2021-10-13 15:06:41 UTC,113,10,6,5,1,0,https://teachme.jp/65292/manuals/13568603,1,0,"◎店内飲食もテイクアウトも
事前注文は「ココイチアプリ」からでしか
できません。

ココイチアプリのマイショップもしくは店舗検索で
利用したい店舗を選び
「事前にメニューを選ぶ」を押していただきます

※ご自宅や職場でお店に行く前に
メニューが決められて便利ですね☆",,,,false,2,0
ルーキーズフォルダ,,,,,☆モバイルオーダー☆　テイクアウト,published,sanjyou,三条,2021-11-18 01:34:07 UTC,2021-11-18 01:40:08 UTC,sanjyou,三条,2021-11-18 14:59:26 UTC,212,20,10,3,1,0,https://teachme.jp/65292/manuals/13968241,1,0,"◎ココイチアプリから
「テイクアウト」のご注文もできます

お客様がオーダーしたら
キッチンプリンターから注文伝票が出てきますので内容をすぐに確認しましょう！",,,,false,4,1
24.アレルギー関連,,,,,アレルギー事例集,published,nagaoka,長岡,2022-01-24 05:36:38 UTC,2022-01-24 06:36:42 UTC,nagaoka,長岡,2022-01-24 06:36:42 UTC,300,18,8,5,4,3,https://teachme.jp/65292/manuals/14674766,1,1,アレルギー関連の事例であり、各店十分に気を付けて取り扱っているとは思いますが、少しの気のゆるみ、ミスで大きな事故につながることもありますので、今一度アレルギー取り扱いについて正しい知識を身につけましょう。,,,,false,8,0
ルーキーズフォルダ,,,,,☆モバイルオーダー　テイクアウト　駐車場受け取り　☆,published,sanjyou,三条,2022-02-03 08:27:19 UTC,2022-02-03 08:49:21 UTC,sanjyou,三条,2022-02-04 07:45:42 UTC,123,14,6,3,1,0,https://teachme.jp/65292/manuals/14828085,0,0,"モバイルオーダーのテイクアウトで
お客様がお弁当受け取りの際に
お車から降りずに受け取れる
「駐車場受け取り」です",,,,false,4,0
ラーメン大戦争,調理業務,,,,ラーメン・レシピ,edit,r.mk301-nyan,菅原香織,2022-02-14 03:45:35 UTC,2022-02-14 05:25:58 UTC,daisensou0587,大戦争・神田店,2025-05-12 10:52:04 UTC,95,14,0,0,0,0,https://teachme.jp/65292/manuals/14938765,0,0,"ピストル
平和
自由
錆びた刀（並）
錆びた刀（大盛）

5種類のレシピ
",,,,false,4,4
ラーメン大戦争,調理業務,,,,特選醤油から揚げ,edit,r.mk301-nyan,菅原香織,2022-02-14 04:38:04 UTC,,,,2022-03-06 10:26:17 UTC,0,0,0,0,0,0,https://teachme.jp/65292/manuals/14940130,0,0,"材料
①鶏モモ肉　2個
②バッター液(衣の液体)",,,,false,3,2
ラーメン大戦争,調理業務,,,,チャーシュー盛り　夢のチャーシュー盛り,edit,r.mk301-nyan,菅原香織,2022-02-14 04:43:43 UTC,,,,2022-02-14 06:39:41 UTC,0,0,0,0,0,0,https://teachme.jp/65292/manuals/14940229,0,0,"材料
★チャーシュー盛り
　チャーシュー（2㎜）　5枚

★夢のチャーシュー盛り
　チャーシュー（2㎜）　10枚",,,,false,2,0
ラーメン大戦争,調理業務,,,,メンマ,edit,r.mk301-nyan,菅原香織,2022-02-14 04:47:09 UTC,,,,2022-02-14 04:57:18 UTC,0,0,0,0,0,0,https://teachme.jp/65292/manuals/14940309,0,0,"材料
①メンマ　4本
②豚丼のたれ　少々",,,,false,1,0
ラーメン大戦争,開店作業,,,,開店フロア,edit,r.mk301-nyan,菅原香織,2022-02-14 06:05:18 UTC,,,,2022-02-15 04:05:58 UTC,0,0,0,0,0,0,https://teachme.jp/65292/manuals/14942509,0,0,フロアの立ち上げ作業についての説明,,,,false,6,0
ラーメン大戦争,仕込み業務,,,,製麺　,edit,r.mk301-nyan,菅原香織,2022-02-14 07:03:24 UTC,,,,2022-02-14 07:47:53 UTC,0,0,0,0,0,0,https://teachme.jp/65292/manuals/14944120,0,0,"材料
①	小麦粉         9400g
②	全粒粉　　　  500g
③	乾燥卵白粉     100g
			
④	水              3300g
⑤	塩                100g
⑥	青かん水       100g",,,,false,8,0
ラーメン大戦争,調理業務,,,,黒豚餃子,published,r.mk301-nyan,菅原香織,2022-02-14 04:37:46 UTC,2022-02-14 06:46:21 UTC,,,2022-02-14 21:39:33 UTC,50,16,3,0,0,0,https://teachme.jp/65292/manuals/14940127,0,0,"材料
黒豚餃子　5個
油　　　　少々",,,,false,2,2
ラーメン大戦争,開店作業,,,,開店厨房,published,r.mk301-nyan,菅原香織,2022-02-13 14:29:52 UTC,2022-02-15 03:38:37 UTC,,,2022-02-15 03:38:37 UTC,131,43,11,4,2,1,https://teachme.jp/65292/manuals/14933243,0,0,"開店時の厨房立上げの方法についてのマニュアルです。
おおよその開始目安時間を記入していますが、並行作業を行う事によって、原則前倒しを心がける事。",,,,false,15,6
ラーメン大戦争,サイド作成,,,,炙りチャーシュー丼,published,r.mk301-nyan,菅原香織,2022-02-14 04:38:27 UTC,2022-02-14 21:36:56 UTC,daisensou0587,大戦争・神田店,2022-03-06 09:30:12 UTC,103,39,6,2,1,0,https://teachme.jp/65292/manuals/14940136,0,0,"材料
①ごはん　150g
②チャコマ（チャーシュー細カット）　40g
③豚丼のたれ　5g
④ネギ　3g
⑤マヨネーズ　5g",,,,false,1,1
ラーメン大戦争,調理業務,,,,白ご飯,published,r.mk301-nyan,菅原香織,2022-02-14 04:48:12 UTC,2022-02-15 03:43:09 UTC,daisensou0587,大戦争・神田店,2022-03-06 09:30:44 UTC,89,18,1,0,0,0,https://teachme.jp/65292/manuals/14940380,0,0,"材料
①ごはん　　150g",,,,false,1,1
12.店長・代行,,,,,売上管理22.3　～デイリーでのサイバー入力～,edit,sanjyou,三条,2022-03-07 14:43:36 UTC,2022-03-07 17:35:54 UTC,sanjyou,三条,2022-03-10 14:46:50 UTC,49,0,0,0,0,0,https://teachme.jp/65292/manuals/15217920,1,0,"売上管理シートを開くと
1・２シート目に操作マニュアルがあります
ここではデイリーでのサイバー入力について
説明します


操作マニュアル①（デイリー）

①サイバー収支項目
サイバーの収支管理ページに
表示される項目です

②はココイチ店舗の入力項目
③は大戦争入力項目
",,,,false,6,0
12.店長・代行,,,,,売上管理表へのデータ貼り付け,edit,sanjyou,三条,2022-03-08 14:05:47 UTC,2022-03-08 14:44:58 UTC,nagaoka,長岡,2025-08-25 10:10:30 UTC,17,0,0,0,0,0,https://teachme.jp/65292/manuals/15234118,1,0,"売上管理表へのデータ貼り付け・入力について
説明します

デイリーでの作業は大きく分けて
①CSVデータ貼り付け
②Excelデータ貼り付け
③直接入力
の３つです","",,,false,9,0
ルーキーズフォルダ,,,,,ドリンクオーダー（ストローの対応）,published,nagaoka,長岡,2022-03-17 02:07:01 UTC,2022-03-17 07:30:07 UTC,nagaoka,長岡,2022-03-17 08:03:27 UTC,171,18,7,3,0,0,https://teachme.jp/65292/manuals/15368442,1,0,「プラスチック資源循環促進法」の施行に伴い、「ストローは原則提供しない。」マニュアルに変更になりました。,,,,false,3,2
07.調理ルーキーズ,,,,,特定原材料を含まないカレーの取り扱い,published,nagaoka,長岡,2022-01-24 12:38:28 UTC,2022-03-19 06:52:08 UTC,nagaoka,長岡,2022-03-19 06:52:17 UTC,227,53,12,5,3,0,https://teachme.jp/65292/manuals/14684863,1,3,"特定原材料を含まないカレーとは、卵、乳、小麦、そば、落花生（ピーナッツ）、えび、かにを含む特定原材料を使用していないカレーのことを指します。

アレルギーは最悪の場合死に至ることもあります。
取り扱いには細心の注意を払いましょう。

アレルギーについての詳しい内容は、07.調理ルーキーズフォルダ内「アレルギー食材の取り扱いについて」を参照してください。",,,,false,6,0
07.調理ルーキーズ,,,,,アレルギー食材の取り扱いについて,published,nagaoka,長岡,2022-01-24 12:38:13 UTC,2022-03-19 06:52:33 UTC,nagaoka,長岡,2022-03-19 06:52:33 UTC,203,48,15,5,3,2,https://teachme.jp/65292/manuals/14684855,0,3,"アレルギーとは、特定の物質に過剰に反応してトラブルを引き起こすことをいいます。
食物が原因で起こる食物アレルギーの症状には、じん麻疹、湿疹、呼吸困難、ショック症状などがあり、深刻な場合には死に至ることもあります。
それらが加工食品に含まれている場合には表示するよう、法律で義務づけらています。",,,,false,6,0
04.接客・フロア作業　初級,,,,,ドリンクオーダー（ストローの対応）,published,nagaoka,長岡,2022-03-26 14:09:36 UTC,2022-03-26 14:09:55 UTC,nagaoka,長岡,2022-03-26 14:09:55 UTC,452,98,44,18,6,1,https://teachme.jp/65292/manuals/15479901,0,3,「プラスチック資源循環促進法」の施行に伴い、「ストローは原則提供しない。」マニュアルに変更になりました。,,,,false,3,2
12.店長・代行,,,,,☆売上管理シート☆　～デイリー入力　食材・人件費・その他～,published,sanjyou,三条,2022-03-29 10:36:38 UTC,2022-03-29 12:09:12 UTC,sanjyou,三条,2022-03-29 12:09:12 UTC,114,12,8,2,0,0,https://teachme.jp/65292/manuals/15516796,1,0,"〇デイリー入力の
食材・人件費・その他について説明します
",,,,false,2,0
12.店長・代行,,,,,☆売上管理シート☆　～デイリー入力～,published,sanjyou,三条,2022-03-29 09:39:45 UTC,2022-03-29 12:09:01 UTC,sanjyou,三条,2022-03-29 12:09:16 UTC,152,12,10,2,0,0,https://teachme.jp/65292/manuals/15516159,1,0,"〇毎日の入力作業は
　
◎売上

◎食材費・人件費・その他

の2項目です

まず売上の入力について説明します",,,,false,4,0
12.店長・代行,,,,,☆売上管理シート☆,published,sanjyou,三条,2022-03-29 09:18:02 UTC,2022-03-29 12:09:32 UTC,sanjyou,三条,2022-03-29 13:05:23 UTC,150,14,9,1,1,1,https://teachme.jp/65292/manuals/15515740,2,0,"店舗の毎日の成績表
売上管理シート
◎売上（昨対比）
◎人件費
◎食材費
それぞれ現在の位置と
予算とのすり合わせを管理するシートです",,,,false,3,0
メンバー共通,,,,,セルフオーダー（タブレット）,edit,nagaoka,長岡,2022-03-31 06:30:41 UTC,,nagaoka,長岡,2022-03-31 06:31:15 UTC,0,0,0,0,0,0,https://teachme.jp/65292/manuals/15548944,0,0,"",,,,false,0,0
ルーキーズフォルダ,,,,,03.出勤時の挨拶,published,nagaoka,長岡,2022-05-09 13:54:06 UTC,2022-05-09 13:54:32 UTC,nagaoka,長岡,2022-05-09 13:54:32 UTC,526,71,22,8,1,0,https://teachme.jp/65292/manuals/16086113,0,0,出勤したら、まずこの挨拶をします！！,,,,false,1,1
Nココ,,,,,～Nココ～　調理基本編,published,sanjyou,三条,2022-05-16 11:10:07 UTC,2022-05-16 11:36:45 UTC,sanjyou,三条,2022-05-16 11:36:45 UTC,231,23,9,4,0,0,https://teachme.jp/65292/manuals/16280092,0,0,"ライスの量と使用するお皿
◎スモール皿
150ｇ（全てのスモールカレー）
◎カレー皿（普通皿）
200ｇ・250ｇ・300ｇ・350ｇ・400ｇ
◎カレー皿淵有（任意使用）
250ｇ・350ｇ
◎中間カレー皿
500ｇ
◎大盛カレー皿（大皿）
600ｇ以上
",,,,false,3,0
Nココ,,,,,～Nココ～　　サラダ,published,sanjyou,三条,2022-05-16 11:40:18 UTC,2022-05-16 12:07:27 UTC,sanjyou,三条,2022-05-17 02:56:52 UTC,274,23,16,5,2,0,https://teachme.jp/65292/manuals/16280445,0,0,"全てのサラダのベースになる
「ヤサイサラダ」

お皿はスープ用皿を使用します
・ココフリル　15g
・キャベツ　35g
・コーン　5g",,,,false,7,0
Nココ,,,,,～Nココ～,published,sanjyou,三条,2022-05-16 10:41:00 UTC,2022-05-16 11:05:48 UTC,sanjyou,三条,2022-05-17 02:57:19 UTC,205,9,6,2,0,0,https://teachme.jp/65292/manuals/16279549,1,0,"2022年6月1日～
ライス量やサラダのサイズ変更
トッピングの選択肢増など
色々新しいココイチに生まれ変わります！

変更点などしっかり把握して
お客様にきちんとご案内できるようにしておきましょう！",,,,false,4,0
ラーメン大戦争,開店作業,,,,フロア開店作業,published,daisensou0587,大戦争・神田店,2022-03-06 10:28:38 UTC,2022-03-10 07:02:21 UTC,,,2022-06-06 03:56:50 UTC,212,31,8,7,3,0,https://teachme.jp/65292/manuals/15202191,0,0,"毎朝行う開店作業です！
やる順番は人それぞれです

・店内掃き掃除
・店内床掃除
・カスターセット(レンゲや紙ナプキン、割り箸、爪楊枝)の補充
・テーブルの拭き上げ
・ピアノの拭き上げ
・入口ドアの拭き上げ
・ピッチャー補充
・１番（トイレ）チェック
・グラス準備
・外回り
・ダスターの準備
・配送(納品)",,,,false,9,6
18.清掃・外周,,,,,高津店長直伝★窓掃除,published,nagaoka,長岡,2022-06-27 12:25:13 UTC,2022-06-27 14:21:18 UTC,nagaoka,長岡,2022-06-27 14:21:18 UTC,245,30,14,7,1,0,https://teachme.jp/65292/manuals/17223160,0,1,"窓が綺麗だとお客様も働くスタッフも気持ちがいいですよね！

スカイスイチ？！窓が綺麗と噂の館林店・高津店長から伝授していただきましょう。",,,,false,5,0
サンプル,,,,,白楽店　露木瑠奈さん♪,published,nagaoka,長岡,2022-06-24 02:36:58 UTC,2022-06-28 03:47:34 UTC,nagaoka,長岡,2022-06-28 03:47:34 UTC,261,18,10,7,3,0,https://teachme.jp/65292/manuals/17151241,0,0,"露木さんより♪
私が接客で大切にしていることは、どの年齢層のお客様でも一人一人ときちんと向き合って理解し、お客様が心温まるような満足度120%の接客をすることです！
常連様が多い白楽では、お客様の名前やメニューを覚え、お客様とより深いコミュニケーションを取り、特別感を与えられるように心がけております。もちろん新規様でも居心地の良さを作り出し、ここに来て良かったと思って頂けるような接客を心がけております。",,,,false,3,3
00.様々なアプリの設定など,,,,,マイカー通勤の申請方法（自動車）,edit,nagaoka,長岡,2022-07-11 06:38:36 UTC,,nagaoka,長岡,2022-07-31 12:48:16 UTC,0,0,0,0,0,0,https://teachme.jp/65292/manuals/17530390,0,0,"スマホから添付URLへ飛べます。

ログイン画面
【企業コード】店舗により異なります（全て大文字）
【企業パスワード】Dnishi0304（Dのみ大文字）
【従業員コード】
【氏名カナ】

車検証、任意保険証、免許証のどれかひとつでも【更新】があった場合、申請・登録を行います。

※入社時はコピーを事務所へ提出。",,,,false,6,0
サンプル,,,,,秋葉原店　渡辺哲平さん☆,edit,nagaoka,長岡,2022-07-18 15:07:05 UTC,,nagaoka,長岡,2022-07-18 15:11:15 UTC,0,0,0,0,0,0,https://teachme.jp/65292/manuals/17647741,0,0,"",,,,false,0,1
07.調理ルーキーズ,,,,,コピー: そのお鍋！まだ洗いに出さないで〜‼︎,edit,hakurakueki,白楽,2023-03-23 12:40:53 UTC,,hakurakueki,白楽,2023-03-23 12:40:55 UTC,0,0,0,0,0,0,https://teachme.jp/65292/manuals/21349982,0,0,"お鍋にルーを残さず、最後まで掛けきれていますか？
残ったまま洗いに出していませんか？？

ほ〜んの少し…と思っていても
フレッシュ一個分（5g）量のポークソース、
これだけで2円もするのです！！

このチリツモ
食材費高騰の原因の一つです(＞＜)

最後までしっかりと使い切りましょう♪","",,,false,2,2
07.調理ルーキーズ,,,,,そのお鍋！まだ洗いに出さないで〜‼︎,published,hakurakueki,白楽,2023-03-23 10:27:55 UTC,2023-03-23 12:43:13 UTC,hakurakueki,白楽,2023-03-23 12:43:13 UTC,451,82,29,10,7,1,https://teachme.jp/65292/manuals/21348636,4,3,"お鍋にルーを残さず、最後まで掛けきれていますか？
残ったまま洗いに出していませんか？？

ほ〜んの少し…と思っていても
フレッシュ一個分（5g）量のポークソース、
これだけで2円もするのです！！

このチリツモ
食材費高騰の原因の一つです(＞＜)

最後までしっかりと使い切りましょう♪","",,,false,2,2
07.調理ルーキーズ,,,,,⚠️マルチコンロ使用ルール⚠️,published,hakurakueki,白楽,2023-04-29 07:35:45 UTC,2023-04-29 10:05:04 UTC,hakurakueki,白楽,2023-04-29 10:05:04 UTC,318,85,28,7,3,1,https://teachme.jp/65292/manuals/22024702,3,3,"一日中、ブクブク沸かしっぱなしに
していませんか…？？
それ、バッドサイクルです⤵︎⤵︎
( ;ᯅ; )
","",,,false,2,0
07.調理ルーキーズ,,,,,⚠️給湯器の使用ルール⚠️,published,hakurakueki,白楽,2023-04-29 06:41:47 UTC,2023-04-29 10:05:30 UTC,hakurakueki,白楽,2023-04-29 10:05:30 UTC,244,58,14,2,1,0,https://teachme.jp/65292/manuals/22024421,3,3,"ずっと高温のままお湯を使用していませんか？
適正温度での使用をお願いいたします！","",,,false,1,0
07.調理ルーキーズ,,,,,⚠️釜の洗浄ルール⚠️,published,hakurakueki,白楽,2023-04-29 06:59:47 UTC,2023-04-29 10:05:47 UTC,hakurakueki,白楽,2023-04-29 10:05:47 UTC,290,70,20,5,1,0,https://teachme.jp/65292/manuals/22024461,3,3,"・お湯やお水を出しっぱなしで溜めていませんか？？
釜の温度でお水が温まるので、少量でOKなのです♪","",,,false,2,0
08.調理初級,,,,,⚠️ルー沸かし過ぎてないですか！？,published,hakurakueki,白楽,2023-06-12 03:21:39 UTC,2023-06-13 06:41:01 UTC,hakurakueki,白楽,2023-06-13 06:41:01 UTC,503,94,37,12,6,3,https://teachme.jp/65292/manuals/22684543,2,55,"しっかりと定量通りに取ったソースのはずなのに。。
沸かし過ぎて少ない…
濃度が濃くなる…
なんて経験あるのではないでしょうか！？

※沸かし過ぎNG！
※沸かし過ぎてしまった時は差し水！

で
きちんと定量・濃度を守った商品を
ご提供しましょう！！","",,,false,6,4
ラーメン大戦争,フロア業務,,,,提供,published,daisensou0587,大戦争・神田店,2023-06-08 01:20:02 UTC,2023-06-08 01:20:06 UTC,daisensou0587,大戦争・神田店,2023-07-18 12:45:18 UTC,139,38,10,2,1,0,https://teachme.jp/65292/manuals/22622748,0,0,商品の提供,"",,,false,6,1
ラーメン大戦争,フロア業務,,,,ご案内,published,daisensou0587,大戦争・神田店,2023-06-06 14:36:16 UTC,2023-06-07 02:15:21 UTC,daisensou0587,大戦争・神田店,2023-07-21 03:33:33 UTC,139,35,9,4,1,0,https://teachme.jp/65292/manuals/22598119,0,0,"ご来店のお客様を店内へご案内

素敵な笑顔でご案内しましょう","",,,false,4,4
ラーメン大戦争,フロア業務,,,,ご案内　複数version,published,daisensou0587,大戦争・神田店,2023-07-21 04:08:09 UTC,2023-07-21 04:08:16 UTC,daisensou0587,大戦争・神田店,2023-07-21 04:08:16 UTC,73,21,4,1,0,0,https://teachme.jp/65292/manuals/23397659,0,0,ご来店人数が複数の場合,"",,,false,3,4
08.調理初級,,,,,たれカツカレー（ロースポーション使用、2023.8．1～）,published,sanjyou,三条,2023-07-24 12:13:12 UTC,2023-07-24 12:25:25 UTC,sanjyou,三条,2023-07-24 12:25:25 UTC,235,51,18,10,4,1,https://teachme.jp/65292/manuals/23441866,1,4,"2023.8．1～

SLMメニュー
「新潟たれカツカレー」の使用食材が
ロースポーションに変更になります

",,,,false,3,0
メンバー共通,,,,,,edit,hakurakueki,白楽,2023-09-20 08:43:51 UTC,,hakurakueki,白楽,2023-09-20 08:43:51 UTC,0,0,0,0,0,0,https://teachme.jp/65292/manuals/24451886,0,0,,,,,false,0,0
12.店長・代行,,,,,リクオプからの応募対応,published,hakurakueki,白楽,2023-09-27 02:06:18 UTC,2023-09-27 02:40:13 UTC,hakurakueki,白楽,2023-09-27 02:50:17 UTC,62,6,4,0,0,0,https://teachme.jp/65292/manuals/24567029,1,0,"菅原課長からリクオプ応募の連絡が来たらログイン

※パスワードは定期的に変更されるので、案内がきたら変更を忘れずに！！",,,,false,6,0
12.店長・代行,,,,,バイトルからの応募対応,published,hakurakueki,白楽,2023-09-27 03:28:25 UTC,2023-09-27 04:10:36 UTC,hakurakueki,白楽,2023-09-27 04:15:59 UTC,89,13,9,1,0,0,https://teachme.jp/65292/manuals/24569917,1,0,"バイトルからのご応募は、応募者様が面接日時を選択できるようになっています。
店舗へメールが届いたら迅速に対応をしましょう！！",,,,false,9,0
01.身嗜み,,,,,,edit,hakurakueki,白楽,2023-10-05 05:45:55 UTC,,hakurakueki,白楽,2023-10-05 05:45:55 UTC,0,0,0,0,0,0,https://teachme.jp/65292/manuals/24729237,0,0,,,,,false,0,0
01.身嗜み,,,,,身だしなみ（男女共通）,published,hakurakueki,白楽,2023-10-05 06:07:13 UTC,2023-10-05 08:10:43 UTC,hakurakueki,白楽,2023-10-05 08:10:43 UTC,517,151,58,22,11,3,https://teachme.jp/65292/manuals/24729817,1,2,"制服を着用している以上、壱番屋の看板を身に着けていると同等の事です！
着こなし以外にも、制服着用時の店舗外での振る舞いにも注意しましょう！",,,,false,8,0
12.店長・代行,,,,,打合わせ②,published,r.mk301-nyan,菅原香織,2020-07-09 08:22:04 UTC,2020-07-10 01:25:14 UTC,r.mk301-nyan,菅原香織,2023-10-10 05:21:07 UTC,246,16,10,4,2,1,https://teachme.jp/65292/manuals/9156234,2,0,昇給手当の説明やサイバーDL,"",,,false,6,0
12.店長・代行,,,,,打合わせ③,published,r.mk301-nyan,菅原香織,2020-07-09 08:36:48 UTC,2020-07-10 01:24:55 UTC,r.mk301-nyan,菅原香織,2023-10-10 05:26:38 UTC,297,16,9,3,1,1,https://teachme.jp/65292/manuals/9156487,2,0,入店の流れや雇用契約書の記入,"",,,false,8,0
04.接客・フロア作業　初級,,,,,COPY: フライドポテトの提供,edit,r.mk301-nyan,菅原香織,2023-12-13 08:57:56 UTC,,r.mk301-nyan,菅原香織,2023-12-13 08:57:57 UTC,0,0,0,0,0,0,https://teachme.jp/65292/manuals/25967928,0,0,"","",,,false,1,1
09.楽々精算,,,,,06.ＰＣでの操作 10日・20日・月末での確認,published,r.mk301-nyan,菅原香織,2020-03-13 07:24:12 UTC,2020-03-13 08:14:06 UTC,sanjyou,三条,2024-02-10 09:31:31 UTC,608,32,20,11,8,1,https://teachme.jp/65292/manuals/8115928,3,1,"月末書類を送付した後で
楽楽未申請！？売上管理シートとの金額が合わない！？

なんてことを未然に防ぐために
〇提出前に全レシートがきちんと申請されているか
〇売上管理シートとの誤差が無いか
確認しましょう","",,,false,10,0
09.楽々精算,,,,,インボイス対応レシートの楽楽申請,published,sanjyou,三条,2024-02-10 09:32:21 UTC,2024-02-10 12:25:37 UTC,sanjyou,三条,2024-02-10 12:25:37 UTC,93,15,9,2,1,1,https://teachme.jp/65292/manuals/27002361,0,0,"2023.10からインボイス制度が導入されました

楽楽清算の申請時も注意点があります",,,,false,5,0
15.コンプライアンス,,,,,1.コンプライアンスマニュアル,published,sanjyou,三条,2021-04-22 05:54:22 UTC,2021-04-22 12:37:19 UTC,r.mk301-nyan,菅原香織,2024-06-09 13:25:06 UTC,291,53,28,9,2,0,https://teachme.jp/65292/manuals/11811472,3,1,"コンプライアンスとは？？

企業が法律や社内のルールを守りながら、倫理観を脅かさずに経営することを指します。",,,,false,1,0
15.コンプライアンス,,,,,10.クレーム対応,published,sanjyou,三条,2021-04-27 02:51:07 UTC,2021-04-27 03:20:34 UTC,hakurakueki,白楽,2024-07-09 15:25:55 UTC,329,48,28,8,2,0,https://teachme.jp/65292/manuals/11850419,2,1,"●2次クレームにならないように限りなく短時間に誠心誠意の謝罪が必要。

アンケート葉書、HPへの書き込み、直接指摘された等、お客様からの意見を頂いた場合は内容と状況、対処方法、結果、考察、検討を日報に必ず記入すること。","",,,false,3,0
15.コンプライアンス,,,,,11.欠品,published,sanjyou,三条,2021-04-27 06:27:32 UTC,2021-04-27 06:59:09 UTC,hakurakueki,白楽,2024-07-09 15:28:49 UTC,186,63,36,8,4,0,https://teachme.jp/65292/manuals/11854743,2,1,"欠品が発生した場合、若しくは発生しそうな場合は、速やかに店長に報告し、対処方法の指示を仰ぐ。

連絡順
当日の責任者→店長→MG→上長","",,,false,2,0
15.コンプライアンス,,,,,14.電話対応,published,sanjyou,三条,2021-04-29 05:04:07 UTC,2021-04-29 05:18:53 UTC,hakurakueki,白楽,2024-07-09 15:35:03 UTC,353,43,28,7,0,0,https://teachme.jp/65292/manuals/11875739,3,1,"テイクアウトや宅配などの
お客様からのご注文のお電話はもちろん
社内・外からの電話など
電話相手によってきちんとした
対応ができるように

※お客様からの電話対応については
TMB　04.接客初級フォルダ内
「電話対応」を参照","",,,false,2,0
15.コンプライアンス,,,,,13.食中毒,published,sanjyou,三条,2021-04-27 03:53:05 UTC,2021-04-27 04:04:07 UTC,hakurakueki,白楽,2024-07-09 15:44:05 UTC,122,24,14,3,0,0,https://teachme.jp/65292/manuals/11851530,2,1,"食中毒に限らず、腹痛等の体調が悪いという申し出があった場合
病院を受診していただくこと。
検査の結果、もし万が一、当店で提供した商品が原因で体調不良を起こされた事が明確に判明した場合は、全て当社で補償をさせて頂くが、当店で飲食された商品が原因と明確に判明しない限り、チェーンとしては動きようがないため、お客様にはしっかりと説明し、理解していた だく事が絶対条件。","",,,false,2,0
ラーメン大戦争,仕込み業務,,,,夏鰹　鶏肉仕込み　,edit,daisensou0587,大戦争・神田店,2024-07-10 14:37:58 UTC,,daisensou0587,大戦争・神田店,2024-07-10 14:38:00 UTC,0,0,0,0,0,0,https://teachme.jp/65292/manuals/29988091,0,0,"夏鰹の鶏肉の仕込み方

＊鶏肉の仕込み方は2パターンあります

①、炊飯器を使うバージョン

②、レンジを使うバージョン","",,,false,0,1
23.機器の管理と清掃方法,,,,,マルチコンロの湯煎槽の注意点,published,adatikusano,足立区佐野店,2024-06-30 04:34:00 UTC,2024-07-14 15:33:31 UTC,adatikusano,足立区佐野店,2024-07-14 15:51:07 UTC,122,6,3,1,0,0,https://teachme.jp/65292/manuals/29758426,1,1,"マルチコンロを故障させない為、
事例を交えて取り扱い説明いたします。","",,,false,7,2
12.店長・代行,,,,,職場見学対応マニュアル,published,r.mk301-nyan,菅原香織,2024-07-14 13:53:59 UTC,2024-07-22 01:32:16 UTC,r.mk301-nyan,菅原香織,2024-07-22 01:32:16 UTC,103,35,11,2,0,0,https://teachme.jp/65292/manuals/30051168,2,0,"新卒応募∞実現のために、全国から希望殺到の職場見学を
いつ、だれが、どこで対応しても同じレベルで諸沢新社長体制のスカイスクレイパーの魅力を最大限アピールする！
そんな新卒職場見学対応マニュアルです。",,,,false,18,0
15.コンプライアンス,,,,,2.☆緊急時対応☆,published,r.mk301-nyan,菅原香織,2021-04-22 01:20:05 UTC,2021-04-22 01:20:40 UTC,r.mk301-nyan,菅原香織,2024-07-22 15:44:58 UTC,355,44,26,9,1,0,https://teachme.jp/65292/manuals/11806744,2,1,"電気がつかない！？
ガスが・・・！？
水道が！？

そんな時も対応法が分っていれば
焦らずに対処できます

店長、レギュラー、代行メンバーは
緊急時の対応を
きちんと把握しておきましょう",,,,false,9,0
15.コンプライアンス,,,,,5.鍵の保管,published,sanjyou,三条,2021-04-22 08:56:54 UTC,2021-04-22 12:38:32 UTC,r.mk301-nyan,菅原香織,2024-09-06 09:32:47 UTC,221,28,14,5,2,0,https://teachme.jp/65292/manuals/11815549,3,0,"店舗キーまたは
店舗で使用する鍵は店長または
任命された人以外は管理してはいけない！

■起こりうる犯罪
【住居侵入罪】
3年以下の懲役または10万円以下の罰金","",,,false,4,0
12.店長・代行,,,,,新卒面接マニュアル,published,r.mk301-nyan,菅原香織,2024-09-04 23:15:16 UTC,2024-09-17 12:31:29 UTC,r.mk301-nyan,菅原香織,2024-09-17 12:31:29 UTC,55,18,11,1,1,0,https://teachme.jp/65292/manuals/31075620,0,0,高校新卒マニュアル,,,,false,11,0
06.サイドメニュー作成,,,,,ツナサラダの作り方,published,r.mk301-nyan,菅原香織,2020-08-24 07:23:06 UTC,2020-08-24 07:29:24 UTC,hakurakueki,白楽,2024-09-19 03:29:32 UTC,457,70,37,15,5,1,https://teachme.jp/65292/manuals/9527914,1,2,ツナサラダの作り方,"",,,false,6,0
06.サイドメニュー作成,,,,,ポテトサラダの作り方,published,r.mk301-nyan,菅原香織,2020-08-24 07:08:18 UTC,2020-08-24 07:22:42 UTC,hakurakueki,白楽,2024-09-19 03:35:32 UTC,404,61,31,14,3,1,https://teachme.jp/65292/manuals/9527596,0,0,ポテトサラダの作り方,"",,,false,6,0
06.サイドメニュー作成,,,,,イカサラダの作り方,published,r.mk301-nyan,菅原香織,2020-08-24 06:53:37 UTC,2020-08-24 07:01:14 UTC,hakurakueki,白楽,2024-09-19 03:39:28 UTC,474,57,25,12,6,1,https://teachme.jp/65292/manuals/9527394,0,1,イカサラダの作り方,"",,,false,3,0
06.サイドメニュー作成,,,,,フライドチキンサラダの作り方,published,r.mk301-nyan,菅原香織,2020-08-24 06:14:26 UTC,2020-08-24 06:53:01 UTC,hakurakueki,白楽,2024-09-19 03:42:45 UTC,369,57,25,13,5,1,https://teachme.jp/65292/manuals/9526644,1,1,フライドチキンサラダの作り方,"",,,false,3,0
06.サイドメニュー作成,,,,,コーンサラダの作り方,published,r.mk301-nyan,菅原香織,2020-08-24 06:08:48 UTC,2020-08-24 06:12:51 UTC,hakurakueki,白楽,2024-09-19 04:09:12 UTC,476,83,40,17,6,1,https://teachme.jp/65292/manuals/9526568,0,1,コーンを中央に盛り付けるのがコツ！,"",,,false,2,0
06.サイドメニュー作成,,,,,ソーセージサラダの作り方,published,r.mk301-nyan,菅原香織,2020-08-24 05:58:31 UTC,2020-08-24 06:05:57 UTC,hakurakueki,白楽,2024-09-19 04:10:42 UTC,393,67,29,13,6,1,https://teachme.jp/65292/manuals/9526360,0,1,ソーセージサラダの作り方,"",,,false,3,0
06.サイドメニュー作成,,,,,オレンジジュースの作り方,published,r.mk301-nyan,菅原香織,2020-08-24 05:49:38 UTC,2020-08-24 05:53:18 UTC,hakurakueki,白楽,2024-09-19 05:34:28 UTC,290,61,25,10,7,1,https://teachme.jp/65292/manuals/9526020,0,1,"オレンジジュース150ｃｃ
氷4個","",,,false,1,0
06.サイドメニュー作成,,,,,ふんわりサラダのコツ,published,r.mk301-nyan,菅原香織,2018-06-14 11:05:35 UTC,2018-06-14 14:51:52 UTC,hakurakueki,白楽,2024-09-19 05:35:59 UTC,715,76,30,12,7,1,https://teachme.jp/65292/manuals/4078476,9,6,"仕込んだサラダをそのまま出してはペッタンコです。
ふんわりとボリュームを出して見た目から美味しくしましょう！","",,,false,5,1
06.サイドメニュー作成,,,,,たまごサラダの作り方,published,r.mk301-nyan,菅原香織,2018-06-14 15:04:27 UTC,2018-06-14 15:04:35 UTC,hakurakueki,白楽,2024-09-19 05:36:25 UTC,1048,94,41,18,5,1,https://teachme.jp/65292/manuals/4078785,12,10,意外と盛り付けセンスの問われるたまごサラダ,"",,,false,5,1
06.サイドメニュー作成,,,,,1サラダ作成提供,published,r.mk301-nyan,菅原香織,2021-01-18 05:24:10 UTC,2021-01-18 05:25:10 UTC,hakurakueki,白楽,2024-09-19 05:58:16 UTC,631,115,55,19,7,1,https://teachme.jp/65292/manuals/10805105,2,2,"","",,,false,1,1
15.コンプライアンス,,,,,アレルギー対応,published,r.mk301-nyan,菅原香織,2024-07-22 05:36:38 UTC,2024-07-22 08:39:36 UTC,r.mk301-nyan,菅原香織,2024-10-08 11:14:18 UTC,251,60,32,10,1,0,https://teachme.jp/65292/manuals/30190927,2,1,"お客様の中には重度の食物アレルギーをお持ちの方もいらっしゃります。
商品の使用食材に該当のアレルギー物質はないか？
私たち従業員とお客様でしっかりと確認をした上で、商品を提供しましょう。",,,,false,6,1
15.コンプライアンス,,,,,食材の貸し借り,published,hakurakueki,白楽,2024-07-09 15:52:02 UTC,2024-07-09 15:52:09 UTC,r.mk301-nyan,菅原香織,2024-10-08 12:09:28 UTC,83,37,23,3,1,0,https://teachme.jp/65292/manuals/29958597,3,0,"食材の貸し借り

借りる約束をしたもの以外を、勝手な判断で持ち出してはいませんか？
すぐに返すから
足りるから
自己判断で勝手に持ち出すのは盗みと同じ行為です！
","",,,false,2,0
15.コンプライアンス,,,,,無銭飲食,published,hakurakueki,白楽,2024-07-09 15:40:25 UTC,2024-07-09 15:40:29 UTC,r.mk301-nyan,菅原香織,2024-10-08 12:17:36 UTC,130,44,26,12,4,0,https://teachme.jp/65292/manuals/29958592,0,1,"食事されたお客様がお会計せずに帰られてしまう、、、
無銭飲食が起こってしまったときの対応方法を確認しておきましょう","",,,false,2,0
07.調理ルーキーズ,,,,,手仕込み系パン粉の付け方ポイント！,published,hakurakueki,白楽,2021-03-21 03:11:38 UTC,2021-03-21 03:11:47 UTC,r.mk301-nyan,菅原香織,2024-10-12 17:01:29 UTC,546,187,14,4,3,0,https://teachme.jp/65292/manuals/11457221,5,30,"大きく・柔らかく・サクッと揚げる極意！！
お伝えします！","",,,false,7,6
07.調理ルーキーズ,,,,,,edit,r.mk301-nyan,菅原香織,2024-10-13 01:44:46 UTC,,r.mk301-nyan,菅原香織,2024-10-13 01:44:46 UTC,0,0,0,0,0,0,https://teachme.jp/65292/manuals/31831159,0,0,,,,,false,0,0
07.調理ルーキーズ,,,,,とんかつの揚げ方,published,r.mk301-nyan,菅原香織,2024-10-13 01:46:30 UTC,2024-10-13 03:52:22 UTC,r.mk301-nyan,菅原香織,2024-10-13 03:52:22 UTC,674,567,180,54,27,6,https://teachme.jp/65292/manuals/31831202,2,24,"サクサクのとんかつを作成するには
揚げ方が重要です!!

ポイントを押さえて最高のとんかつカレーを提供しましょう★",,,,false,9,6
15.コンプライアンス,,,,,21.保険,published,sanjyou,三条,2021-04-27 05:14:37 UTC,2021-04-27 05:36:38 UTC,hakurakueki,白楽,2024-11-08 05:27:36 UTC,128,31,21,7,1,0,https://teachme.jp/65292/manuals/11853299,2,0,"スカイスクレイパーでは
店舗保険
業務災害総合保険と企業財産保険の
2種類に加入しています。

","",,,false,5,0
22.ＰＯＳ関連,,,,,領収書発行,published,hakurakueki,白楽,2024-12-02 14:00:25 UTC,2024-12-18 02:21:53 UTC,r.mk301-nyan,菅原香織,2024-12-18 02:21:53 UTC,66,13,8,0,0,0,https://teachme.jp/65292/manuals/32863706,1,1,"POSから領収書を発行する手順です
※領収書をお渡しする際はレシートはお渡ししません
※1会計につき1回しか領収書発行できないので注意","",,,false,6,0
22.ＰＯＳ関連,,,,,電子マネーのお会計,published,r.mk301-nyan,菅原香織,2024-11-29 11:32:58 UTC,2024-12-18 02:22:12 UTC,r.mk301-nyan,菅原香織,2024-12-18 02:22:12 UTC,84,19,13,6,1,0,https://teachme.jp/65292/manuals/32827437,0,1,POSと電子マネー端末が連動している場合の操作の説明をします！,,,,false,5,0
22.ＰＯＳ関連,,,,,クレピコ処理,published,r.mk301-nyan,菅原香織,2024-11-29 11:25:39 UTC,2024-12-18 02:22:42 UTC,r.mk301-nyan,菅原香織,2024-12-18 02:22:42 UTC,37,7,1,1,0,0,https://teachme.jp/65292/manuals/32827367,0,0,POSとクレジット端末が連動していない場合の操作を説明します,,,,false,3,0
22.ＰＯＳ関連,,,,,クレジット会計,published,r.mk301-nyan,菅原香織,2024-11-29 11:16:32 UTC,2024-12-18 02:24:43 UTC,r.mk301-nyan,菅原香織,2024-12-18 02:24:43 UTC,62,17,9,2,0,0,https://teachme.jp/65292/manuals/32827266,0,1,クレジットカード（銀嶺）でのお会計方法,,,,false,4,0
22.ＰＯＳ関連,,,,,QRコード決済,published,r.mk301-nyan,菅原香織,2024-11-29 13:53:46 UTC,2024-12-18 02:24:58 UTC,r.mk301-nyan,菅原香織,2024-12-18 02:24:58 UTC,76,12,7,2,0,0,https://teachme.jp/65292/manuals/32828027,1,1,POSとスキャナが連動している操作の説明をします,,,,false,4,0
22.ＰＯＳ関連,,,,,個別会計,published,hakurakueki,白楽,2024-11-28 10:20:23 UTC,2024-12-18 02:25:44 UTC,r.mk301-nyan,菅原香織,2024-12-18 02:25:44 UTC,108,18,11,4,1,0,https://teachme.jp/65292/manuals/32800019,0,1,グループのお客様が商品ごとに別々に支払いをする際は、個別会計処理をします。,"",,,false,7,0
22.ＰＯＳ関連,,,,,POS立ち上げ,published,r.mk301-nyan,菅原香織,2024-11-24 15:10:00 UTC,2024-12-18 03:50:01 UTC,r.mk301-nyan,菅原香織,2024-12-18 03:50:01 UTC,127,19,11,3,1,0,https://teachme.jp/65292/manuals/32692516,0,0,新POSの立ち上げ作業の流れを説明します,,,,false,6,0
22.ＰＯＳ関連,,,,,R-POINT,published,hakurakueki,白楽,2024-12-02 14:09:45 UTC,2024-12-18 03:50:14 UTC,r.mk301-nyan,菅原香織,2024-12-18 03:50:14 UTC,110,25,18,7,3,0,https://teachme.jp/65292/manuals/32863718,1,1,"1.商品入力後、【小計】を押す。
2.【R POINT】を押す。","",,,false,7,0
22.ＰＯＳ関連,,,,,レジ会計,published,r.mk301-nyan,菅原香織,2024-11-29 11:05:44 UTC,2024-12-18 03:53:36 UTC,r.mk301-nyan,菅原香織,2024-12-18 03:53:36 UTC,163,37,22,8,2,0,https://teachme.jp/65292/manuals/32827173,1,0,現金でのお会計について説明します,,,,false,5,0
22.ＰＯＳ関連,,,,,レジ締,published,r.mk301-nyan,菅原香織,2024-11-26 15:03:38 UTC,2024-12-18 04:24:03 UTC,r.mk301-nyan,菅原香織,2024-12-18 04:24:03 UTC,112,18,11,3,0,0,https://teachme.jp/65292/manuals/32743272,0,0,"営業終了時に閉設業務を行い、その日の在高・売上を確定します。
操作の最後には各種精算レシートの印刷が行われます。",,,,false,9,0
22.ＰＯＳ関連,,,,,商品券,published,r.mk301-nyan,菅原香織,2024-11-29 13:56:13 UTC,2024-12-18 04:27:40 UTC,r.mk301-nyan,菅原香織,2024-12-18 04:27:40 UTC,121,33,24,7,5,0,https://teachme.jp/65292/manuals/32828035,2,1,商品券で支払いを行う場合の操作手順について説明します,,,,false,5,0
22.ＰＯＳ関連,,,,,クオリカPOS事前準備,published,sanjyou,三条,2024-12-18 07:51:15 UTC,2024-12-18 09:51:48 UTC,sanjyou,三条,2024-12-18 09:51:48 UTC,125,16,11,5,2,0,https://teachme.jp/65292/manuals/33231714,3,1,"クオリカ製POS導入にむけて
事前に準備しておくことをまとめます",,,,false,10,0
10.サイバー使用（Ｐ/Ａさん用）,,,,,日報記載,edit,r.mk301-nyan,菅原香織,2024-12-20 05:42:09 UTC,,r.mk301-nyan,菅原香織,2024-12-20 05:42:17 UTC,0,0,0,0,0,0,https://teachme.jp/65292/manuals/33284946,0,0,"",,,,false,0,0
10.サイバー使用（Ｐ/Ａさん用）,,,,,巡回レポート,edit,r.mk301-nyan,菅原香織,2024-12-20 05:42:49 UTC,,r.mk301-nyan,菅原香織,2024-12-20 05:43:00 UTC,0,0,0,0,0,0,https://teachme.jp/65292/manuals/33284966,0,0,"",,,,false,0,0
10.サイバー使用（Ｐ/Ａさん用）,,,,,TODAYS VOICE,edit,r.mk301-nyan,菅原香織,2024-12-21 10:26:57 UTC,,r.mk301-nyan,菅原香織,2025-01-02 15:25:43 UTC,0,0,0,0,0,0,https://teachme.jp/65292/manuals/33303386,0,0,"社長会長より指名をいただいた従業員が皆さんへのメッセージを記載しております。
業務上の内容～人生における大切なことなど
多くのことが記載されております。",,,,false,2,0
10.サイバー使用（Ｐ/Ａさん用）,,,,,業務連絡,edit,r.mk301-nyan,菅原香織,2024-12-21 10:28:03 UTC,,r.mk301-nyan,菅原香織,2024-12-21 10:28:18 UTC,0,0,0,0,0,0,https://teachme.jp/65292/manuals/33303389,0,0,"",,,,false,0,0
10.サイバー使用（Ｐ/Ａさん用）,,,,,シフト,edit,r.mk301-nyan,菅原香織,2024-12-21 10:28:39 UTC,,r.mk301-nyan,菅原香織,2024-12-21 10:28:45 UTC,0,0,0,0,0,0,https://teachme.jp/65292/manuals/33303391,0,0,"",,,,false,0,0
10.サイバー使用（Ｐ/Ａさん用）,,,,,サイバーマネージャー,edit,r.mk301-nyan,菅原香織,2024-12-21 10:29:52 UTC,,r.mk301-nyan,菅原香織,2024-12-21 10:30:07 UTC,0,0,0,0,0,0,https://teachme.jp/65292/manuals/33303396,0,0,"",,,,false,0,0
12.店長・代行,,,,,面接の流れ,published,r.mk301-nyan,菅原香織,2020-06-03 05:15:50 UTC,2020-06-03 06:40:10 UTC,r.mk301-nyan,菅原香織,2024-12-24 01:14:07 UTC,499,36,22,8,2,1,https://teachme.jp/65292/manuals/8805744,1,0,"","",,,false,9,1
22.ＰＯＳ関連,,,,,緊急時対応,edit,r.mk301-nyan,菅原香織,2024-12-24 09:28:52 UTC,,r.mk301-nyan,菅原香織,2024-12-24 09:29:43 UTC,0,0,0,0,0,0,https://teachme.jp/65292/manuals/33358884,0,0,問題が発生した時の対処法についてまとめてあります！,,,,false,0,0
12.店長・代行,,,,,研修シート,published,r.mk301-nyan,菅原香織,2023-10-13 02:45:52 UTC,2023-10-13 03:02:33 UTC,r.mk301-nyan,菅原香織,2025-01-14 10:14:43 UTC,247,58,29,8,2,0,https://teachme.jp/65292/manuals/24845232,2,0,研修を円滑に進めるために使用する研修シートの活用方法です。,,,,false,6,0
12.店長・代行,,,,,打合わせ①,published,r.mk301-nyan,菅原香織,2020-07-08 06:29:50 UTC,2020-07-10 01:25:40 UTC,r.mk301-nyan,菅原香織,2025-01-14 10:22:06 UTC,496,50,27,13,2,1,https://teachme.jp/65292/manuals/9142602,2,0,事前準備からスカイスクレイパーの話まで,"",,,false,9,0
24.アレルギー関連,,,,,アレルギー食材の取り扱いについて,published,nagaoka,長岡,2021-05-16 10:24:56 UTC,2021-05-17 03:51:10 UTC,r.mk301-nyan,菅原香織,2025-01-15 09:52:41 UTC,436,16,7,4,3,1,https://teachme.jp/65292/manuals/12006805,2,1,"アレルギーとは、特定の物質に過剰に反応してトラブルを引き起こすことをいいます。
食物が原因で起こる食物アレルギーの症状には、じん麻疹、湿疹、呼吸困難、ショック症状などがあり、深刻な場合には死に至ることもあります。
それらが加工食品に含まれている場合には表示するよう、法律で義務づけらています。",,,,false,5,0
24.アレルギー関連,,,,,特定原材料を含まないカレーの取り扱い,published,nagaoka,長岡,2022-01-23 05:58:05 UTC,2022-01-23 12:09:38 UTC,r.mk301-nyan,菅原香織,2025-01-15 16:22:23 UTC,337,33,22,11,4,1,https://teachme.jp/65292/manuals/14666320,1,1,"特定原材料を含まないカレーとは、卵、乳、小麦、そば、落花生（ピーナッツ）、えび、かにを含む特定原材料を使用していないカレーのことを指します。

アレルギーは最悪の場合死に至ることもあります。
取り扱いには細心の注意を払いましょう。

アレルギーについての詳しい内容は、07.調理ルーキーズフォルダ内「アレルギー食材の取り扱いについて」を参照してください。",,,,false,6,0
04.接客・フロア作業　初級,,,,,ビデオフィードバック,published,r.mk301-nyan,菅原香織,2025-01-22 10:38:12 UTC,2025-01-22 11:03:08 UTC,r.mk301-nyan,菅原香織,2025-01-22 11:03:08 UTC,145,98,52,14,6,1,https://teachme.jp/65292/manuals/33846902,1,3,"",,,,false,3,2
22.ＰＯＳ関連,,,,,金券処理がうまくいかないとき,edit,r.mk301-nyan,菅原香織,2025-01-30 01:50:42 UTC,,r.mk301-nyan,菅原香織,2025-01-30 01:51:24 UTC,0,0,0,0,0,0,https://teachme.jp/65292/manuals/34011680,0,0,"",,,,false,0,0
ラーメン大戦争,フロア業務,,,,会計,published,r.mk301-nyan,菅原香織,2025-04-10 03:36:59 UTC,2025-04-20 15:54:28 UTC,r.mk301-nyan,菅原香織,2025-04-20 15:54:28 UTC,75,75,31,10,3,0,https://teachme.jp/65292/manuals/35664292,0,0,レジ会計について説明します！,,,,false,1,1
ラーメン大戦争,フロア業務,,,,個別会計,published,r.mk301-nyan,菅原香織,2025-04-10 04:17:16 UTC,2025-04-20 15:57:44 UTC,r.mk301-nyan,菅原香織,2025-04-20 15:57:44 UTC,44,44,9,3,0,0,https://teachme.jp/65292/manuals/35665681,0,0,個別会計の説明です！,,,,false,1,1
ラーメン大戦争,開店作業,,,,レジ開設,published,r.mk301-nyan,菅原香織,2025-04-09 09:07:48 UTC,2025-04-20 16:02:48 UTC,r.mk301-nyan,菅原香織,2025-04-20 16:02:48 UTC,40,40,16,9,1,0,https://teachme.jp/65292/manuals/35651538,0,0,開店時のレジ開設についての説明です！,,,,false,1,1
ラーメン大戦争,サイド作成,,,,チャコマの切り方,edit,daisensou0587,大戦争・神田店,2025-04-28 17:34:42 UTC,,daisensou0587,大戦争・神田店,2025-04-28 17:34:44 UTC,0,0,0,0,0,0,https://teachme.jp/65292/manuals/36051430,0,0,"チャーシュー丼のチャーシューの切り方
","",,,false,0,1
ラーメン大戦争,サイド作成,,,,餃子提供,edit,daisensou0587,大戦争・神田店,2025-04-29 06:57:09 UTC,2025-04-29 06:57:13 UTC,daisensou0587,大戦争・神田店,2025-05-12 10:52:56 UTC,9,9,0,0,0,0,https://teachme.jp/65292/manuals/36058346,0,0,"","",,,false,2,1
ラーメン大戦争,調理業務,,,,自由のかえし,published,daisensou0587,大戦争・神田店,2025-04-29 07:07:36 UTC,2025-04-29 07:07:41 UTC,daisensou0587,大戦争・神田店,2025-04-29 07:08:23 UTC,24,24,7,5,3,1,https://teachme.jp/65292/manuals/36058469,0,0,自由だけは、スープの種類が違うので注意しましょう,"",,,false,3,1
ラーメン大戦争,仕込み業務,,,,自由のスープ仕込み,published,daisensou0587,大戦争・神田店,2025-04-29 07:14:35 UTC,2025-04-29 07:14:43 UTC,daisensou0587,大戦争・神田店,2025-04-29 07:14:43 UTC,16,16,3,1,1,0,https://teachme.jp/65292/manuals/36058571,0,0,"","",,,false,4,1
ラーメン大戦争,調理業務,,,,衝動のかえし,published,daisensou0587,大戦争・神田店,2025-04-29 15:21:41 UTC,2025-04-29 15:21:46 UTC,daisensou0587,大戦争・神田店,2025-04-29 15:21:46 UTC,36,36,9,4,3,1,https://teachme.jp/65292/manuals/36061735,0,0,"","",,,false,3,1
ラーメン大戦争,調理業務,,,,かえし、油の種類,published,daisensou0587,大戦争・神田店,2025-04-29 15:49:35 UTC,2025-04-29 15:49:40 UTC,daisensou0587,大戦争・神田店,2025-04-29 15:49:40 UTC,36,36,9,5,3,1,https://teachme.jp/65292/manuals/36061795,0,0,"","",,,false,4,0
ラーメン大戦争,調理業務,,,,ピストル,published,daisensou0587,大戦争・神田店,2025-04-30 04:52:18 UTC,2025-04-30 04:52:37 UTC,daisensou0587,大戦争・神田店,2025-04-30 04:52:37 UTC,27,27,4,2,1,0,https://teachme.jp/65292/manuals/36072420,0,0,"","",,,false,3,1
ラーメン大戦争,調理業務,,,,湯切り,published,daisensou0587,大戦争・神田店,2025-04-30 04:48:30 UTC,2025-04-30 04:48:39 UTC,daisensou0587,大戦争・神田店,2025-05-12 10:49:49 UTC,32,32,2,0,0,0,https://teachme.jp/65292/manuals/36072262,0,0,"","",,,false,2,1
ラーメン大戦争,フロア業務,,,,洗い場の使い方,published,daisensou0587,大戦争・神田店,2025-05-12 12:18:13 UTC,2025-05-12 12:19:19 UTC,daisensou0587,大戦争・神田店,2025-05-12 12:19:19 UTC,37,37,13,2,0,0,https://teachme.jp/65292/manuals/36286521,0,0,"","",,,false,5,1
ラーメン大戦争,フロア業務,,,,グラスの洗い方,edit,daisensou0587,大戦争・神田店,2025-05-12 12:20:47 UTC,,daisensou0587,大戦争・神田店,2025-05-12 12:21:22 UTC,0,0,0,0,0,0,https://teachme.jp/65292/manuals/36286537,0,0,"","",,,false,1,0
ラーメン大戦争,調理業務,,,,盛り場の説明,published,daisensou0587,大戦争・神田店,2025-05-12 12:30:49 UTC,2025-05-12 12:31:19 UTC,daisensou0587,大戦争・神田店,2025-05-12 12:31:19 UTC,26,26,4,2,0,0,https://teachme.jp/65292/manuals/36286575,0,0,"","",,,false,4,1
ラーメン大戦争,,,,,製麺,edit,daisensou0587,大戦争・神田店,2025-05-12 12:45:16 UTC,,daisensou0587,大戦争・神田店,2025-05-12 12:45:19 UTC,0,0,0,0,0,0,https://teachme.jp/65292/manuals/36286598,0,0,"","",,,false,0,0
ラーメン大戦争,,,,,終売設定のやりかた,published,daisensou0587,大戦争・神田店,2025-05-13 02:30:19 UTC,2025-05-13 02:30:29 UTC,daisensou0587,大戦争・神田店,2025-05-13 02:30:29 UTC,41,41,17,12,5,0,https://teachme.jp/65292/manuals/36297582,0,0,"","",,,false,5,1
ラーメン大戦争,仕込み業務,,,,製麺,edit,r.mk301-nyan,菅原香織,2025-05-14 05:24:32 UTC,,r.mk301-nyan,菅原香織,2025-05-14 05:24:43 UTC,0,0,0,0,0,0,https://teachme.jp/65292/manuals/36338852,0,0,"",,,,false,0,0
ラーメン大戦争,サイド作成,,,,チャーシュー盛り,published,daisensou0587,大戦争・神田店,2025-05-14 05:55:03 UTC,2025-05-14 05:57:03 UTC,daisensou0587,大戦争・神田店,2025-05-14 05:57:03 UTC,27,27,8,3,1,0,https://teachme.jp/65292/manuals/36340456,0,0,チャーシュー,,,,false,1,1
ラーメン大戦争,サイド作成,,,,夢のチャーシュー盛り,published,daisensou0587,大戦争・神田店,2025-05-15 06:02:52 UTC,2025-05-15 06:03:00 UTC,daisensou0587,大戦争・神田店,2025-05-15 06:03:00 UTC,15,15,0,0,0,0,https://teachme.jp/65292/manuals/36375229,0,0,"","",,,false,4,1
ラーメン大戦争,サイド作成,,,,おつまみメンマの作成,published,daisensou0587,大戦争・神田店,2025-05-15 06:05:46 UTC,2025-05-15 06:05:54 UTC,daisensou0587,大戦争・神田店,2025-05-15 06:05:54 UTC,13,13,4,1,1,0,https://teachme.jp/65292/manuals/36375338,0,0,"","",,,false,2,1
ラーメン大戦争,サイド作成,,,,おつまみ煮卵作成,published,daisensou0587,大戦争・神田店,2025-05-15 06:10:41 UTC,2025-05-15 06:10:46 UTC,daisensou0587,大戦争・神田店,2025-05-15 06:10:46 UTC,13,13,4,2,1,0,https://teachme.jp/65292/manuals/36375579,0,0,"","",,,false,2,1
ラーメン大戦争,サイド作成,,,,唐揚げ作成,published,daisensou0587,大戦争・神田店,2025-05-15 10:24:31 UTC,2025-05-15 10:24:38 UTC,daisensou0587,大戦争・神田店,2025-05-15 10:24:38 UTC,14,14,3,0,0,0,https://teachme.jp/65292/manuals/36386897,0,0,"","",,,false,4,1
ラーメン大戦争,サイド作成,,,,夢のチャーシュー盛り,published,daisensou0587,大戦争・神田店,2025-05-14 05:57:29 UTC,2025-05-14 05:58:09 UTC,daisensou0587,大戦争・神田店,2025-05-17 01:13:45 UTC,44,44,7,2,1,0,https://teachme.jp/65292/manuals/36340657,0,0,夢,"",,,false,4,1
ラーメン大戦争,サイド作成,,,,おつまみメンマ,published,daisensou0587,大戦争・神田店,2025-05-14 05:59:23 UTC,2025-05-14 06:00:05 UTC,daisensou0587,大戦争・神田店,2025-05-17 01:19:02 UTC,35,35,6,2,0,0,https://teachme.jp/65292/manuals/36340779,0,0,メンマ,"",,,false,3,1
ラーメン大戦争,サイド作成,,,,おつまみ煮卵,published,daisensou0587,大戦争・神田店,2025-05-14 05:58:17 UTC,2025-05-14 05:59:15 UTC,daisensou0587,大戦争・神田店,2025-05-17 01:24:39 UTC,24,24,4,1,0,0,https://teachme.jp/65292/manuals/36340697,0,0,"","",,,false,3,1
ラーメン大戦争,調理業務,,,,麺場,published,daisensou0587,大戦争・神田店,2025-05-14 05:47:28 UTC,2025-05-14 05:48:05 UTC,daisensou0587,大戦争・神田店,2025-05-25 01:30:51 UTC,38,38,8,2,0,0,https://teachme.jp/65292/manuals/36340102,0,0,メンバ,"",,,false,5,1
ラーメン大戦争,フロア業務,,,,下げ,published,daisensou0587,大戦争・神田店,2025-05-14 05:29:36 UTC,2025-05-14 05:30:51 UTC,daisensou0587,大戦争・神田店,2025-05-25 09:53:26 UTC,49,49,17,5,2,0,https://teachme.jp/65292/manuals/36339090,0,0,下げ動画,"",,,false,5,1
ラーメン大戦争,仕込み業務,,,,製麺,published,daisensou0587,大戦争・神田店,2025-05-14 05:26:39 UTC,2025-05-14 05:29:13 UTC,daisensou0587,大戦争・神田店,2025-05-25 10:51:53 UTC,29,29,8,2,1,0,https://teachme.jp/65292/manuals/36338982,0,0,製麺動画,"",,,false,20,17
ラーメン大戦争,調理業務,,,,からあげ,published,daisensou0587,大戦争・神田店,2025-05-14 05:34:21 UTC,2025-05-14 05:36:32 UTC,daisensou0587,大戦争・神田店,2025-05-25 11:00:19 UTC,53,53,16,7,2,0,https://teachme.jp/65292/manuals/36339342,0,0,からあげ動画,"",,,false,5,1
ラーメン大戦争,フロア業務,,,,"",edit,daisensou0587,大戦争・神田店,2025-05-25 11:06:31 UTC,,daisensou0587,大戦争・神田店,2025-05-25 11:06:32 UTC,0,0,0,0,0,0,https://teachme.jp/65292/manuals/36632180,0,0,"","",,,false,0,0
ラーメン大戦争,フロア業務,,,,ウェイティング対応のやり方,published,daisensou0587,大戦争・神田店,2025-05-29 08:41:13 UTC,2025-05-29 08:45:40 UTC,daisensou0587,大戦争・神田店,2025-05-29 08:45:40 UTC,39,39,12,4,1,0,https://teachme.jp/65292/manuals/36754249,0,0,"","",,,false,3,1
ラーメン大戦争,仕込み業務,,,,チャーシューの刷り方,published,daisensou0587,大戦争・神田店,2025-06-12 07:31:30 UTC,2025-06-12 07:33:26 UTC,daisensou0587,大戦争・神田店,2025-06-12 07:33:26 UTC,138,138,10,5,2,0,https://teachme.jp/65292/manuals/37088296,0,4,"","",,,false,2,1
ラーメン大戦争,サイド作成,,,,ドリンク提供,published,daisensou0587,大戦争・神田店,2025-05-25 11:05:11 UTC,2025-05-25 11:06:05 UTC,daisensou0587,大戦争・神田店,2025-06-12 07:39:59 UTC,51,51,20,12,5,0,https://teachme.jp/65292/manuals/36632178,0,0,"","",,,false,3,1
15.コンプライアンス,,,,,,edit,hujioka,藤岡,2025-07-19 09:17:18 UTC,,hujioka,藤岡,2025-07-19 09:17:18 UTC,0,0,0,0,0,0,https://teachme.jp/65292/manuals/38086773,0,0,,,,,false,0,0
17.デイリー清掃・フロア（パントリー）,,,,,トイレ分解洗浄,published,r.mk301-nyan,菅原香織,2025-08-10 23:18:49 UTC,2025-08-10 23:19:01 UTC,r.mk301-nyan,菅原香織,2025-08-10 23:19:01 UTC,60,60,32,14,5,3,https://teachme.jp/65292/manuals/38596543,0,1,トイレ掃除は分解洗浄マスト！臭い、汚れを蓄積しない！,"",,,false,1,1
ラーメン大戦争,,,,,サロンの結び方,published,hujioka,藤岡,2025-10-14 05:14:50 UTC,2025-10-14 05:15:16 UTC,hujioka,藤岡,2025-10-14 05:15:16 UTC,23,23,23,6,1,0,https://teachme.jp/65292/manuals/40277216,0,0,制服着用方法,"",,,false,1,1
ラーメン大戦争,,,,,ご案内,published,hujioka,藤岡,2025-10-14 06:05:38 UTC,2025-10-14 06:06:31 UTC,hujioka,藤岡,2025-10-14 06:06:31 UTC,20,20,20,8,2,0,https://teachme.jp/65292/manuals/40280148,0,0,入店からご案内方法,"",,,false,1,1
ラーメン大戦争,,,,,ウェイティングのご案内,published,hujioka,藤岡,2025-10-14 06:10:12 UTC,2025-10-14 06:10:34 UTC,hujioka,藤岡,2025-10-14 06:10:34 UTC,21,21,21,3,1,1,https://teachme.jp/65292/manuals/40280431,0,0,ウェイティングの方法,"",,,false,1,1
22.ＰＯＳ関連,,,,,2枚の伝票を1枚にまとめる方法,published,r.mk301-nyan,菅原香織,2025-12-04 12:42:50 UTC,2025-12-04 12:43:03 UTC,r.mk301-nyan,菅原香織,2025-12-04 12:43:03 UTC,59,59,59,10,5,0,https://teachme.jp/65292/manuals/41618542,0,0,2枚の伝票を1枚にまとめます！,"",,,false,1,1
22.ＰＯＳ関連,,,,,追加やマイナス伝票をまとめる方法,published,r.mk301-nyan,菅原香織,2025-12-04 12:50:26 UTC,2025-12-04 12:50:36 UTC,r.mk301-nyan,菅原香織,2025-12-04 12:50:36 UTC,56,56,56,12,6,1,https://teachme.jp/65292/manuals/41618561,0,0,追加やマイナス伝票が多くて見づらくなった伝票をまとめる方法,"",,,false,1,1
09.楽々精算,,,,,月末の確認（売上管理表と楽楽申請額）,edit,sanjyou,三条,2026-03-31 12:40:29 UTC,,sanjyou,三条,2026-03-31 12:44:48 UTC,0,0,0,0,0,0,https://teachme.jp/65292/manuals/44944171,0,0,"各店舗より楽楽清算で申請済の金額と
売上管理表に入力してある経費額の誤差がないか
確認します",,,,false,0,0